"","position","Site_MFE_Max_Enrichment_IC90"
"1","#1/A-B:1",1.80961353360174
"2","#1/A-B:2",1.09143241314541
"3","#1/A-B:3",1.83384483499523
"4","#1/A-B:4",3.27708565297477
"5","#1/A-B:5",1.89549132831044
"6","#1/A-B:6",8.56759265113674
"7","#1/A-B:7",1.92143657583362
"8","#1/A-B:8",13.2236283506352
"9","#1/A-B:9",4.82299857552774
"10","#1/A-B:10",4.64007393567103
"11","#1/A-B:11",2.4895227817955
"12","#1/A-B:12",6.98042552929477
"13","#1/A-B:13",2.04178567828897
"14","#1/A-B:14",1.4755166338098
"15","#1/A-B:15",1.67492474245202
"16","#1/A-B:16",1.80961353360174
"17","#1/A-B:17",2.26390770410487
"18","#1/A-B:18",1.95590871057686
"19","#1/A-B:19",23.7044108891074
"20","#1/A-B:20",20.8053414191631
"21","#1/A-B:21",1.96264866298277
"22","#1/A-B:22",1.77870731864439
"23","#1/A-B:23",1.23312673031778
"24","#1/A-B:24",2.67686960408763
"25","#1/A-B:25",2.62471527202352
"26","#1/A-B:26",1.93061741748323
"27","#1/A-B:27",3.0884720342849
"28","#1/A-B:28",2.27919532461749
"29","#1/A-B:29",1.80961353318363
"30","#1/A-B:30",1.26208346633399
"31","#1/A-B:31",1.77030139579649
"32","#1/A-B:32",2.44577894375205
"33","#1/A-B:33",1.70752907982646
"34","#1/A-B:34",1.65478406221267
"35","#1/A-B:35",1.33123164934905
"36","#1/A-B:36",2.13397276090615
"37","#1/A-B:37",1.70752907864289
"38","#1/A-B:38",2.88114422817771
"39","#1/A-B:39",1.40393634812226
"40","#1/A-B:40",2.02363244372143
"41","#1/A-B:41",1.85095286405642
"42","#1/A-B:42",1.89364661706327
"43","#1/A-B:43",2.44279289701964
"44","#1/A-B:44",2.35514012363291
"45","#1/A-B:45",1.50656998051658
"46","#1/A-B:46",2.13928646829437
"47","#1/A-B:47",1.70752907943194
"48","#1/A-B:48",2.1992689270171
"49","#1/A-B:49",1.59325964170771
"50","#1/A-B:50",3.29119944418262
"51","#1/A-B:51",3.19229405108256
"52","#1/A-B:52",1.45969235179638
"53","#1/A-B:53",1.17995373486723
"54","#1/A-B:54",1.39556225268014
"55","#1/A-B:55",2.5591526131831
"56","#1/A-B:56",2.07473618802219
"57","#1/A-B:57",1.36715664241596
"58","#1/A-B:58",2.44320674874115
"59","#1/A-B:59",1.70757267043887
"60","#1/A-B:60",1.40393634779788
"61","#1/A-B:61",1.51743523245919
"62","#1/A-B:62",1.54500280351235
"63","#1/A-B:63",2.20093149949801
"64","#1/A-B:64",2.19552827054717
"65","#1/A-B:65",1.75076001833138
"66","#1/A-B:66",2.07284251695584
"67","#1/A-B:67",1.93038497820281
"68","#1/A-B:68",1.5493752072943
"69","#1/A-B:69",1.80961353360174
"70","#1/A-B:70",1.50613139119794
"71","#1/A-B:71",2.33251396769593
"72","#1/A-B:72",1.77771979478552
"73","#1/A-B:73",1.97008318981333
"74","#1/A-B:74",1.92143657627756
"75","#1/A-B:75",2.03630946908933
"76","#1/A-B:76",1.93927912337413
"77","#1/A-B:77",3.80696216605437
"78","#1/A-B:78",1.95590871102877
"79","#1/A-B:79",6.82237608171205
"80","#1/A-B:80",2.33251396769593
"81","#1/A-B:81",2.03630946861884
"82","#1/A-B:82",2.47664905737581
"83","#1/A-B:83",2.33251396769593
"84","#1/A-B:84",1.57981183566246
"85","#1/A-B:85",1.92143657627756
"86","#1/A-B:86",3.00091915886703
