"","position","Site_MFE_Max_Enrichment_IC99"
"1","#1/A-F:1",1.28990547468719
"2","#1/A-F:2",1.36279408081607
"3","#1/A-F:3",1.7264887279153
"4","#1/A-F:4",1.33963617687844
"5","#1/A-F:5",1.45843002615642
"6","#1/A-F:6",1.54562211813812
"7","#1/A-F:7",1.10756627940077
"8","#1/A-F:8",1.72894785538741
"9","#1/A-F:9",1.45843002581945
"10","#1/A-F:10",1.40796210174544
"11","#1/A-F:11",1.19919041959534
"12","#1/A-F:12",2.33441213397748
"13","#1/A-F:13",1.34078543885313
"14","#1/A-F:14",1.93781820672011
"15","#1/A-F:15",1.77967347975619
"16","#1/A-F:16",1.2135172269785
"17","#1/A-F:17",1.40017668666733
"18","#1/A-F:18",1.17799210352488
"19","#1/A-F:19",1.27322490297522
"20","#1/A-F:20",1.20811228197946
"21","#1/A-F:21",1.06576523478786
"22","#1/A-F:22",1.44373960858225
"23","#1/A-F:23",1.16501820758246
"24","#1/A-F:24",1.49586758665237
"25","#1/A-F:25",1.08680588061885
"26","#1/A-F:26",2.77821821723254
"27","#1/A-F:27",1.03931800215396
"28","#1/A-F:28",2.11534865869543
"29","#1/A-F:29",1.18809354904326
"30","#1/A-F:30",1.84360998144165
"31","#1/A-F:31",1.18477955614869
"32","#1/A-F:32",0.913504888683525
"33","#1/A-F:33",2.11534865869543
"34","#1/A-F:34",1.52584373481222
"35","#1/A-F:35",2.01879930068862
"36","#1/A-F:36",0.972069465690835
"37","#1/A-F:37",1.45843002548248
"38","#1/A-F:38",1.45843002548249
"39","#1/A-F:39",1.2732249032694
"40","#1/A-F:40",2.65532929768776
"41","#1/A-F:41",3.90976478418828
"42","#1/A-F:42",1.84672184723791
"43","#1/A-F:43",1.05582682772937
"44","#1/A-F:44",0.893275538026916
"45","#1/A-F:45",1.5183811259433
"46","#1/A-F:46",1.32901394974123
"47","#1/A-F:47",1.17600709731278
"48","#1/A-F:48",2.51296477152742
"49","#1/A-F:49",2.12555776338636
"50","#1/A-F:50",1.19912623956537
"51","#1/A-F:51",1.45843002548248
"52","#1/A-F:52",1.09922827885945
"53","#1/A-F:53",2.35831954890845
"54","#1/A-F:54",2.94870741841911
"55","#1/A-F:55",1.26406422472684
"56","#1/A-F:56",1.88224154544638
"57","#1/A-F:57",1.52268948741222
"58","#1/A-F:58",1.15109011313807
"59","#1/A-F:59",1.45843002548249
"60","#1/A-F:60",1.63193383049991
"61","#1/A-F:61",3.08329276396984
"62","#1/A-F:62",2.29300088488785
"63","#1/A-F:63",1.53140145555704
"64","#1/A-F:64",1.27635832910731
"65","#1/A-F:65",2.02001401752224
"66","#1/A-F:66",1.00136234885396
"67","#1/A-F:67",1.06765134695563
"68","#1/A-F:68",0.973100105870797
"69","#1/A-F:69",2.59804071611057
"70","#1/A-F:70",1.4276016774314
"71","#1/A-F:71",1.10354149394732
"72","#1/A-F:72",1.86085187863
"73","#1/A-F:73",1.05687321133295
"74","#1/A-F:74",2.4276435672192
"75","#1/A-F:75",2.32406682043099
"76","#1/A-F:76",1.44501158279643
"77","#1/A-F:77",1.26406422472684
"78","#1/A-F:78",1.10165733096854
"79","#1/A-F:79",1.05853539776048
"80","#1/A-F:80",1.26369317236826
"81","#1/A-F:81",3.35127232430037
"82","#1/A-F:82",1.37615663993306
"83","#1/A-F:83",3.35248690524674
"84","#1/A-F:84",1.47839283374418
"85","#1/A-F:85",5.69825014121028
"86","#1/A-F:86",1.77380668485016
"87","#1/A-F:87",0.90347056182051
"88","#1/A-F:88",1.29852448402018
"89","#1/A-F:89",1.04942625753612
"90","#1/A-F:90",4.1444118787883
"91","#1/A-F:91",1.03888366175334
"92","#1/A-F:92",1.54855207673732
"93","#1/A-F:93",3.05006062589328
"94","#1/A-F:94",1.20554960970655
"95","#1/A-F:95",1.12564311553928
"96","#1/A-F:96",1.60322070910791
"97","#1/A-F:97",1.22295344483787
"98","#1/A-F:98",1.61400872475744
"99","#1/A-F:99",1.41947625972903
"100","#1/A-F:100",1.36226408632216
"101","#1/A-F:101",2.87881263816653
"102","#1/A-F:102",1.15490885221195
"103","#1/A-F:103",1.66310738786041
"104","#1/A-F:104",1.90249742579296
"105","#1/A-F:105",1.76305362055271
"106","#1/A-F:106",1.31334111370759
"107","#1/A-F:107",1.77560018940171
"108","#1/A-F:108",2.97615026247639
"109","#1/A-F:109",1.41499152321368
"110","#1/A-F:110",1.58810522753528
"111","#1/A-F:111",1.43272576053766
"112","#1/A-F:112",1.78067674456195
"113","#1/A-F:113",1.33352860878308
"114","#1/A-F:114",1.99601698463495
"115","#1/A-F:115",1.54562211813812
"116","#1/A-F:116",1.38830676471767
"117","#1/A-F:117",1.77380668485016
"118","#1/A-F:118",2.08398368429746
"119","#1/A-F:119",1.2979916927467
"120","#1/A-F:120",1.45843002581945
"121","#1/A-F:121",1.82650273923404
"122","#1/A-F:122",1.20139936296783
"123","#1/A-F:123",1.7018435434302
"124","#1/A-F:124",6.64767615723724
"125","#1/A-F:125",57.1860476521295
"126","#1/A-F:126",2.29575740654659
"127","#1/A-F:127",91.708157961477
"128","#1/A-F:128",1.23698429126815
"129","#1/A-F:129",1.24717506323943
"130","#1/A-F:130",14.0793868050172
"131","#1/A-F:131",1.67406620706882
"132","#1/A-F:132",1.4794845508919
"133","#1/A-F:133",10.2262944943134
"134","#1/A-F:134",1.91053446584482
"135","#1/A-F:135",1.29852448372015
"136","#1/A-F:136",1.10484126374742
"137","#1/A-F:137",2.73023044707006
"138","#1/A-F:138",1.18226723381555
"139","#1/A-F:139",9.37752444505504
"140","#1/A-F:140",80.2542424247932
"141","#1/A-F:141",3.37555031227758
"142","#1/A-F:142",1.3817484750436
"143","#1/A-F:143",6.46399028438055
"144","#1/A-F:144",1.22295344483787
"145","#1/A-F:145",1.59690371719136
"146","#1/A-F:146",1.11173642583399
"147","#1/A-F:147",1.21553972995144
"148","#1/A-F:148",1.26621619824478
"149","#1/A-F:149",1.22295344455531
"150","#1/A-F:150",1.30469231549459
"151","#1/A-F:151",2.2372367276479
"152","#1/A-F:152",1.28834049427186
"153","#1/A-F:153",2.24393274670552
"154","#1/A-F:154",1.3761566396151
"155","#1/A-F:155",1.19912623984243
"156","#1/A-F:156",1.46422652990556
"157","#1/A-F:157",1.09137860296961
"158","#1/A-F:158",1.61057664524594
"159","#1/A-F:159",1.14663166286414
"160","#1/A-F:160",16.1707081672638
"161","#1/A-F:161",45.204588813841
"162","#1/A-F:162",6.31365605930117
"163","#1/A-F:163",1.27658684033892
"164","#1/A-F:164",70.650618139853
"165","#1/A-F:165",1.36331381615967
"166","#1/A-F:166",1.46725298178907
"167","#1/A-F:167",1.42241749520431
"168","#1/A-F:168",1.08900185610507
"169","#1/A-F:169",2.88562643956827
"170","#1/A-F:170",1.81745959528149
"171","#1/A-F:171",1.40037564588488
"172","#1/A-F:172",28.2248007167091
"173","#1/A-F:173",174.519473716998
"174","#1/A-F:174",11.6875426130773
"175","#1/A-F:175",1.85840945767789
"176","#1/A-F:176",1.1990793009346
"177","#1/A-F:177",1.94106780741446
"178","#1/A-F:178",39.0100345589732
"179","#1/A-F:179",273.440913132639
"180","#1/A-F:180",1.2732249032694
"181","#1/A-F:181",1.69384159920769
"182","#1/A-F:182",1.91172149624322
"183","#1/A-F:183",1.16200910597716
"184","#1/A-F:184",1.52057590310605
"185","#1/A-F:185",65.0509548090326
"186","#1/A-F:186",2.24055858989427
"187","#1/A-F:187",11.1065904368432
"188","#1/A-F:188",4.42309541279766
"189","#1/A-F:189",46.8191128797583
"190","#1/A-F:190",1.43272576020663
"191","#1/A-F:191",1.37615663993306
"192","#1/A-F:192",1.40875889757002
"193","#1/A-F:193",113.944704076251
"194","#1/A-F:194",1.44359344655888
"195","#1/A-F:195",1.34934452597527
"196","#1/A-F:196",1.38866857669771
"197","#1/A-F:197",1.24178558124801
"198","#1/A-F:198",1.12106737040868
"199","#1/A-F:199",1.2285809852554
"200","#1/A-F:200",1.0129137970466
"201","#1/A-F:201",31.2564445867182
"202","#1/A-F:202",1.2115543512739
"203","#1/A-F:203",1.42821714904126
"204","#1/A-F:204",1.16951661191428
"205","#1/A-F:205",1.43031150908631
"206","#1/A-F:206",2.40386351448924
"207","#1/A-F:207",2.51919181058703
"208","#1/A-F:208",2.10012901523889
"209","#1/A-F:209",1.20805819192005
"210","#1/A-F:210",1.17266126128356
"211","#1/A-F:211",2.05112620829572
"212","#1/A-F:212",0.945026924856234
"213","#1/A-F:213",1.2732249032694
"214","#1/A-F:214",2.09458684024324
"215","#1/A-F:215",1.31995676248472
"216","#1/A-F:216",1.3782355502981
"217","#1/A-F:217",3.2807253752344
"218","#1/A-F:218",4.74802288397832
"219","#1/A-F:219",23.7765491363786
"220","#1/A-F:220",1.76305362014536
"221","#1/A-F:221",2.01342381845875
"222","#1/A-F:222",0.938048271627887
"223","#1/A-F:223",1.45843002548248
"224","#1/A-F:224",102.860319917011
"225","#1/A-F:225",10.1843096465309
"226","#1/A-F:226",1.1627998877629
"227","#1/A-F:227",1.87088032714049
"228","#1/A-F:228",1.49314863889761
"229","#1/A-F:229",1.20324718156561
"230","#1/A-F:230",2.1461482967159
"231","#1/A-F:231",0.992890969572523
"232","#1/A-F:232",9.56245310970565
"233","#1/A-F:233",1.19912623956537
"234","#1/A-F:234",62.8920490558176
"235","#1/A-F:235",1.33364760884462
"236","#1/A-F:236",36.1222269370309
"237","#1/A-F:237",1.96149657050688
"238","#1/A-F:238",1.52764190490372
"239","#1/A-F:239",1.83988367492119
"240","#1/A-F:240",1.45843002581945
"241","#1/A-F:241",1.19139628835512
"242","#1/A-F:242",1.34934452597527
"243","#1/A-F:243",18.1020456029113
"244","#1/A-F:244",114.431822259547
"245","#1/A-F:245",1.68750146035718
"246","#1/A-F:246",5.14217423168665
"247","#1/A-F:247",1.54855207637953
"248","#1/A-F:248",1.34934452597527
"249","#1/A-F:249",1.7404395278336
"250","#1/A-F:250",1.48740971991185
"251","#1/A-F:251",1.90378022601483
"252","#1/A-F:252",1.29697814107896
"253","#1/A-F:253",1.29606759376013
"254","#1/A-F:254",1.28164814773349
"255","#1/A-F:255",1.45843002581945
"256","#1/A-F:256",32.3484241107608
"257","#1/A-F:257",2.15284459643205
"258","#1/A-F:258",1.510793856863
"259","#1/A-F:259",3.31338240482183
"260","#1/A-F:260",1.4414641180279
"261","#1/A-F:261",2.08678500632678
"262","#1/A-F:262",8.9245611778596
"263","#1/A-F:263",3.51046998624933
"264","#1/A-F:264",1.81920412757885
"265","#1/A-F:265",1.40206308660049
"266","#1/A-F:266",1.18254498013586
"267","#1/A-F:267",3.28298434257995
"268","#1/A-F:268",1.66170165513931
"269","#1/A-F:269",2.67639055547878
"270","#1/A-F:270",1.48331886053874
"271","#1/A-F:271",0.992962812889691
"272","#1/A-F:272",1.72896017514091
"273","#1/A-F:273",2.42305031240687
"274","#1/A-F:274",1.40084600886376
"275","#1/A-F:275",5.89522280356656
"276","#1/A-F:276",1.23708136899715
"277","#1/A-F:277",3.69367601550409
"278","#1/A-F:278",6.22457483935611
"279","#1/A-F:279",1.87985353898978
"280","#1/A-F:280",1.62372039104343
"281","#1/A-F:281",1.44032707273927
"282","#1/A-F:282",27.6252243017059
"283","#1/A-F:283",1.31380800500623
"284","#1/A-F:284",9.37175651221151
"285","#1/A-F:285",7.71258468164636
"286","#1/A-F:286",1.30655698351373
"287","#1/A-F:287",2.02346811624935
"288","#1/A-F:288",1.57009627588489
"289","#1/A-F:289",1.87985353942412
"290","#1/A-F:290",1.16891544734008
"291","#1/A-F:291",1.42410053639504
"292","#1/A-F:292",1.5851723593154
"293","#1/A-F:293",1.50303764530994
"294","#1/A-F:294",1.67403345350468
"295","#1/A-F:295",1.18071437481719
"296","#1/A-F:296",1.27514377382663
"297","#1/A-F:297",1.31709357032193
"298","#1/A-F:298",1.04684994391372
"299","#1/A-F:299",1.17449710043223
"300","#1/A-F:300",0.984832940005624
"301","#1/A-F:301",1.16617686459655
"302","#1/A-F:302",13.1500172447218
"303","#1/A-F:303",2.73513784207454
"304","#1/A-F:304",1.50745658200441
"305","#1/A-F:305",1.83618877705719
"306","#1/A-F:306",30.9746794384725
"307","#1/A-F:307",14.5480414335461
"308","#1/A-F:308",4.05722205250001
"309","#1/A-F:309",1.87977076937869
"310","#1/A-F:310",1.1795500340605
"311","#1/A-F:311",2.01412534825633
"312","#1/A-F:312",1.16754588781937
"313","#1/A-F:313",1.45843002615642
"314","#1/A-F:314",3.19156853008021
"315","#1/A-F:315",2.35955252654417
"316","#1/A-F:316",1.5688328136697
"317","#1/A-F:317",1.00551657570817
"318","#1/A-F:318",10.360524416355
"319","#1/A-F:319",4.3391163788471
"320","#1/A-F:320",1.64680141492881
"321","#1/A-F:321",89.2979048851351
"322","#1/A-F:322",1.53140145520321
"323","#1/A-F:323",3.56950164210052
"324","#1/A-F:324",8.13864700799635
"325","#1/A-F:325",1.86726834362274
"326","#1/A-F:326",1.22295344483787
"327","#1/A-F:327",1.43116170856118
"328","#1/A-F:328",1.40992809231224
"329","#1/A-F:329",1.5183811259433
