"","position","Site_MFE_Max_Enrichment_IC90"
"1","#1/A:1",1.71793429642041
"2","#1/A:2",2.65470308505465
"3","#1/A:3",1.83028867188158
"4","#1/A:4",2.86931811220439
"5","#1/A:5",2.18270610943816
"6","#1/A:6",1.53477218391089
"7","#1/A:7",1.93971229593158
"8","#1/A:8",1.83028867230447
"9","#1/A:9",2.05957464647236
"10","#1/A:10",2.88882059425091
"11","#1/A:11",3.65944772781338
"12","#1/A:12",2.70745328975198
"13","#1/A:13",1.83028867230447
"14","#1/A:14",2.05957464647236
"15","#1/A:15",2.81341424117792
"16","#1/A:16",1.69338943702171
"17","#1/A:17",1.93347905668976
"18","#1/A:18",2.0595746459965
"19","#1/A:19",1.52940962587972
"20","#1/A:20",2.29139293144423
"21","#1/A:21",1.62006166838644
"22","#1/A:22",4.61946915306489
"23","#1/A:23",2.50494518844529
"24","#1/A:24",1.95154282155687
"25","#1/A:25",1.72703788569282
"26","#1/A:26",1.83028867230447
"27","#1/A:27",2.80920587607027
"28","#1/A:28",1.69338943741296
"29","#1/A:29",2.0965250910255
"30","#1/A:30",2.79433896570393
"31","#1/A:31",1.69338943741296
"32","#1/A:32",2.50494518844529
"33","#1/A:33",1.80557419833108
"34","#1/A:34",1.83028867230447
"35","#1/A:35",2.54988594340468
"36","#1/A:36",1.69338943702171
"37","#1/A:37",1.59786145098194
"38","#1/A:38",2.98726602495069
"39","#1/A:39",1.79803054174752
"40","#1/A:40",2.0595746459965
"41","#1/A:41",1.83028867188158
"42","#1/A:42",1.94338931158421
"43","#1/A:43",2.9872660256409
"44","#1/A:44",2.39843768779788
"45","#1/A:45",3.60461129049316
"46","#1/A:46",2.51227292845584
"47","#1/A:47",2.65470308444129
"48","#1/A:48",1.49049203041558
"49","#1/A:49",1.59786145098194
"50","#1/A:50",1.41997655648418
"51","#1/A:51",1.83375825863909
"52","#1/A:52",1.97825529625948
"53","#1/A:53",1.77631490756288
"54","#1/A:54",1.9782552958024
"55","#1/A:55",3.87995359069118
"56","#1/A:56",2.21258271736714
"57","#1/A:57",1.68029065670235
"58","#1/A:58",1.93971229682792
"59","#1/A:59",2.3591633317246
"60","#1/A:60",4.76711396630247
"61","#1/A:61",1.28038084895807
"62","#1/A:62",1.83028867188158
"63","#1/A:63",1.57503423344543
"64","#1/A:64",2.40604102131924
"65","#1/A:65",2.50494518844529
"66","#1/A:66",6.14289065558691
"67","#1/A:67",1.83028867230447
"68","#1/A:68",2.40604102187516
"69","#1/A:69",2.65470308382792
"70","#1/A:70",2.0595746459965
"71","#1/A:71",3.42179803011328
"72","#1/A:72",2.65470308444129
"73","#1/A:73",1.83028867230447
"74","#1/A:74",1.5347721842655
"75","#1/A:75",2.0965250905411
"76","#1/A:76",1.45970712590663
"77","#1/A:77",1.48067098662759
"78","#1/A:78",3.22876654629245
"79","#1/A:79",1.26455875358811
"80","#1/A:80",1.41997655681227
"81","#1/A:81",3.33070311211229
"82","#1/A:82",1.97825529625948
"83","#1/A:83",1.90552561673388
"84","#1/A:84",2.60791496845518
"85","#1/A:85",1.83028867272735
"86","#1/A:86",2.65470308444129
"87","#1/A:87",2.35916333117952
"88","#1/A:88",1.83028867230447
"89","#1/A:89",2.50494518786652
"90","#1/A:90",2.60791496845518
"91","#1/A:91",1.69338943741296
"92","#1/A:92",1.52546818090645
"93","#1/A:93",1.4199765561561
"94","#1/A:94",1.87200559999664
"95","#1/A:95",1.48414778833266
"96","#1/A:96",11.7085661870427
"97","#1/A:97",2.44359621182422
"98","#1/A:98",1.52546818055399
"99","#1/A:99",1.56672979011221
"100","#1/A:100",2.50494518786652
"101","#1/A:101",12.0401187208988
"102","#1/A:102",1.96746407088508
"103","#1/A:103",2.16265288472767
"104","#1/A:104",2.05957464647236
"105","#1/A:105",2.3591633317246
"106","#1/A:106",2.22607751068818
"107","#1/A:107",2.0627943541335
"108","#1/A:108",1.93250087851565
"109","#1/A:109",2.42199885276446
"110","#1/A:110",2.50494518844529
"111","#1/A:111",2.65470308444129
"112","#1/A:112",2.35916333117952
"113","#1/A:113",1.97825529671655
"114","#1/A:114",2.35916333117952
"115","#1/A:115",1.59786145135113
"116","#1/A:116",3.85045734851056
"117","#1/A:117",2.35916333226969
"118","#1/A:118",1.69338943741296
"119","#1/A:119",1.65884827279933
"120","#1/A:120",1.59786145135113
"121","#1/A:121",2.4696920317644
"122","#1/A:122",1.59786145098194
"123","#1/A:123",1.83028867188158
"124","#1/A:124",1.83028867230447
"125","#1/A:125",1.41997655648418
"126","#1/A:126",2.0595746459965
"127","#1/A:127",2.17358680250097
"128","#1/A:128",2.86931811220439
"129","#1/A:129",1.59786145172031
"130","#1/A:130",2.95666015884542
"131","#1/A:131",1.83028867272736
"132","#1/A:132",3.69842756318593
"133","#1/A:133",2.05957464647236
"134","#1/A:134",2.50494518786652
"135","#1/A:135",2.05957464552063
"136","#1/A:136",1.80549792302469
"137","#1/A:137",2.50494518844529
"138","#1/A:138",1.91714763480538
"139","#1/A:139",2.80708939784749
"140","#1/A:140",1.41997655648418
"141","#1/A:141",3.25552261321864
"142","#1/A:142",1.5077224179599
"143","#1/A:143",1.83028867230447
"144","#1/A:144",1.83028867272736
"145","#1/A:145",2.65470308382792
"146","#1/A:146",2.35916333117952
"147","#1/A:147",2.35916333063444
"148","#1/A:148",2.07869994946672
"149","#1/A:149",1.69338943741296
"150","#1/A:150",1.67425241301343
"151","#1/A:151",1.93971229593158
"152","#1/A:152",1.78140480060597
"153","#1/A:153",1.79803054174752
"154","#1/A:154",1.83028867272735
"155","#1/A:155",2.22607751120251
"156","#1/A:156",2.05957464647236
"157","#1/A:157",1.97825529671655
"158","#1/A:158",2.05957464552063
"159","#1/A:159",1.83028867188158
"160","#1/A:160",3.58418434095319
"161","#1/A:161",1.83028867230447
"162","#1/A:162",1.83028867230447
"163","#1/A:163",1.59786145098194
"164","#1/A:164",2.0595746459965
"165","#1/A:165",1.99259172084267
"166","#1/A:166",1.62652838484386
"167","#1/A:167",2.22469563506563
"168","#1/A:168",2.40604102187516
"169","#1/A:169",2.58264726390691
"170","#1/A:170",1.94338931158421
"171","#1/A:171",1.53477218391089
"172","#1/A:172",2.50494518844528
"173","#1/A:173",2.05957464647236
"174","#1/A:174",3.20553601385187
"175","#1/A:175",3.1851683605882
"176","#1/A:176",2.47112079525181
"177","#1/A:177",2.37625408225182
"178","#1/A:178",1.26671781523622
"179","#1/A:179",1.59786145135113
"180","#1/A:180",1.95645013992593
"181","#1/A:181",1.66116694140032
"182","#1/A:182",2.64821229070357
"183","#1/A:183",1.93971229682792
"184","#1/A:184",1.59786145135113
"185","#1/A:185",1.51809022150391
"186","#1/A:186",2.47112079582276
"187","#1/A:187",1.34771039603709
"188","#1/A:188",2.72191441818784
"189","#1/A:189",3.10128333269214
"190","#1/A:190",2.0595746459965
"191","#1/A:191",1.76764530194502
"192","#1/A:192",1.50486971200856
"193","#1/A:193",2.65470308505465
"194","#1/A:194",1.14873192612065
"195","#1/A:195",2.11499883499656
"196","#1/A:196",2.86931811154144
"197","#1/A:197",3.0408600067772
"198","#1/A:198",2.05792086960365
"199","#1/A:199",1.83028867230447
"200","#1/A:200",2.28628954412371
"201","#1/A:201",2.10321609194358
"202","#1/A:202",1.5985048226123
"203","#1/A:203",1.90231466258407
"204","#1/A:204",1.38443834495461
"205","#1/A:205",1.83028867230447
"206","#1/A:206",1.97505337584021
"207","#1/A:207",2.05957464694822
"208","#1/A:208",2.22607751171685
"209","#1/A:209",1.65330010771732
"210","#1/A:210",1.63524122421749
"211","#1/A:211",1.83028867272735
"212","#1/A:212",1.83028867230447
"213","#1/A:213",1.59786145172031
"214","#1/A:214",2.09667873821115
"215","#1/A:215",1.41997655648418
"216","#1/A:216",1.26189502804495
"217","#1/A:217",1.5347721846201
"218","#1/A:218",1.54151932927653
"219","#1/A:219",2.07213622618879
"220","#1/A:220",1.48816632738304
"221","#1/A:221",1.69995932301702
"222","#1/A:222",1.84925632939877
"223","#1/A:223",2.18270610893385
"224","#1/A:224",1.99259172038228
"225","#1/A:225",2.94196303373805
"226","#1/A:226",2.31758398967245
"227","#1/A:227",2.05277081828438
"228","#1/A:228",1.71708412427373
"229","#1/A:229",1.55520262123559
"230","#1/A:230",2.65470308444129
"231","#1/A:231",0.86284928293766
"232","#1/A:232",1.99431152670577
"233","#1/A:233",2.22607751068818
"234","#1/A:234",1.41997655681227
"235","#1/A:235",1.08944672424942
"236","#1/A:236",1.62652838521967
"237","#1/A:237",1.41997655648418
"238","#1/A:238",0.912568245799047
"239","#1/A:239",2.95350687735008
"240","#1/A:240",1.59786145135113
"241","#1/A:241",1.83028867188158
"242","#1/A:242",1.85534143490889
"243","#1/A:243",2.22607751120251
"244","#1/A:244",2.35916333117952
"245","#1/A:245",1.83028867230447
"246","#1/A:246",1.48066497717699
"247","#1/A:247",2.18270610943816
"248","#1/A:248",2.76382890366345
"249","#1/A:249",1.94338931113519
"250","#1/A:250",1.83028867230447
"251","#1/A:251",1.90720038480879
"252","#1/A:252",1.5751479572985
"253","#1/A:253",1.90552561717415
"254","#1/A:254",1.66022383502455
"255","#1/A:255",1.82844934107864
"256","#1/A:256",2.3591633317246
"257","#1/A:257",2.35916333063444
"258","#1/A:258",1.7334677807346
"259","#1/A:259",1.83028867230447
"260","#1/A:260",1.83028867230447
"261","#1/A:261",3.64848752364455
"262","#1/A:262",1.8302886714587
"263","#1/A:263",1.69338943702171
"264","#1/A:264",2.31758398967245
"265","#1/A:265",2.05957464647236
"266","#1/A:266",1.83028867230447
"267","#1/A:267",1.28132682225248
"268","#1/A:268",3.04086000747979
"269","#1/A:269",1.2396546161058
"270","#1/A:270",2.50494518902405
"271","#1/A:271",2.16255767300606
"272","#1/A:272",0.979004778915939
"273","#1/A:273",2.05957464552063
"274","#1/A:274",1.57865771656593
"275","#1/A:275",1.98851012820661
"276","#1/A:276",1.37980924755724
"277","#1/A:277",1.1730651131117
"278","#1/A:278",1.84932516327829
"279","#1/A:279",1.28132682225248
"280","#1/A:280",1.38707610517068
"281","#1/A:281",1.40976001959958
"282","#1/A:282",2.0595746459965
"283","#1/A:283",1.83028867188158
"284","#1/A:284",1.74736497239355
"285","#1/A:285",1.3556426007506
"286","#1/A:286",1.79803054174752
"287","#1/A:287",3.42179802932268
"288","#1/A:288",1.5503640823534
"289","#1/A:289",3.11605488852236
"290","#1/A:290",2.83057357421128
"291","#1/A:291",2.92526364388798
"292","#1/A:292",2.0965250905411
"293","#1/A:293",1.59786145135113
"294","#1/A:294",1.83028867188158
"295","#1/A:295",2.22607751068818
"296","#1/A:296",2.28946110179519
"297","#1/A:297",2.3591633317246
"298","#1/A:298",2.26601515154633
"299","#1/A:299",2.15731470178737
"300","#1/A:300",3.0408600067772
"301","#1/A:301",2.89011207215364
"302","#1/A:302",2.0595746459965
"303","#1/A:303",1.81865920225988
"304","#1/A:304",4.2444368892158
"305","#1/A:305",4.49486788267782
"306","#1/A:306",1.27293720437689
"307","#1/A:307",2.35916333117952
"308","#1/A:308",2.31758398967244
"309","#1/A:309",2.22607751120251
"310","#1/A:310",1.62652838559547
"311","#1/A:311",1.54280771663447
"312","#1/A:312",1.69338943741296
"313","#1/A:313",1.89181562128478
"314","#1/A:314",2.3591633317246
"315","#1/A:315",1.83028867188158
"316","#1/A:316",0.486507299619209
"317","#1/A:317",1.17657707570749
"318","#1/A:318",0.979004778463543
"319","#1/A:319",1.60807902364878
"320","#1/A:320",2.0965250900567
"321","#1/A:321",1.59786145098194
"322","#1/A:322",1.83028867188158
"323","#1/A:323",1.25424524354299
"324","#1/A:324",2.3591633317246
"325","#1/A:325",1.83028867230447
"326","#1/A:326",1.10164776271383
"327","#1/A:327",1.4199765561561
"328","#1/A:328",1.41997655648418
"329","#1/A:329",1.86665737350038
"330","#1/A:330",1.83028867230447
"331","#1/A:331",1.65884827279933
"332","#1/A:332",1.8089969350963
"333","#1/A:333",1.41997655681227
"334","#1/A:334",1.59786145098194
"335","#1/A:335",2.35916333226969
"336","#1/A:336",1.31254992156727
"337","#1/A:337",1.62652838521967
"338","#1/A:338",2.29654608625894
"339","#1/A:339",1.62652838521967
"340","#1/A:340",2.22607751017385
"341","#1/A:341",2.0965250910255
"342","#1/A:342",1.90231466214454
"343","#1/A:343",1.63809983167702
"344","#1/A:344",2.22055894911893
"345","#1/A:345",1.62652838521967
"346","#1/A:346",1.73281292806076
"347","#1/A:347",1.43332962678694
"348","#1/A:348",1.03248309520758
"349","#1/A:349",1.41997655648418
"350","#1/A:350",1.72703788529379
"351","#1/A:351",1.41997655648418
"352","#1/A:352",1.31603907868112
"353","#1/A:353",4.24589991436229
"354","#1/A:354",1.83028867188158
"355","#1/A:355",1.83028867272735
"356","#1/A:356",1.41997655648418
"357","#1/A:357",1.79462855492231
"358","#1/A:358",1.59786145098194
"359","#1/A:359",3.42179803011329
"360","#1/A:360",1.4199765561561
"361","#1/A:361",1.62652838559547
"362","#1/A:362",1.90552561761442
"363","#1/A:363",2.04415607285515
"364","#1/A:364",3.08442579845752
"365","#1/A:365",2.39145526457055
"366","#1/A:366",2.3591633317246
"367","#1/A:367",1.96626283587519
"368","#1/A:368",1.41997655648418
"369","#1/A:369",1.26189502804495
"370","#1/A:370",2.02371283262941
"371","#1/A:371",3.42179803011329
"372","#1/A:372",2.05957464647236
"373","#1/A:373",1.79803054174752
"374","#1/A:374",1.83028867230447
"375","#1/A:375",1.78509395861884
"376","#1/A:376",1.27916768977784
"377","#1/A:377",2.22607751120251
"378","#1/A:378",1.4394130181264
"379","#1/A:379",1.43439199068756
"380","#1/A:380",2.54988594163723
"381","#1/A:381",1.41997655648418
"382","#1/A:382",1.38491354435844
"383","#1/A:383",1.64844971525952
"384","#1/A:384",1.10164776271382
"385","#1/A:385",2.01266944500952
"386","#1/A:386",2.18270610943816
"387","#1/A:387",1.73626239159487
"388","#1/A:388",1.62652838521967
"389","#1/A:389",2.05957464647236
"390","#1/A:390",1.76384168156484
"391","#1/A:391",1.84539049376092
"392","#1/A:392",1.83028867188158
"393","#1/A:393",1.83028867230447
"394","#1/A:394",3.15327266730056
"395","#1/A:395",2.65470308444129
"396","#1/A:396",1.41997655648418
"397","#1/A:397",1.39495001905313
"398","#1/A:398",2.98726602426049
"399","#1/A:399",1.93513520164568
"400","#1/A:400",2.54988594222638
"401","#1/A:401",1.62652838521967
"402","#1/A:402",1.69338943741296
"403","#1/A:403",4.52118364279246
"404","#1/A:404",2.05957464647236
"405","#1/A:405",1.79935829575105
"406","#1/A:406",1.83028867230447
"407","#1/A:407",1.82633146156165
"408","#1/A:408",1.83028867188158
"409","#1/A:409",3.12375834553124
"410","#1/A:410",1.83028867230447
"411","#1/A:411",1.79438220585664
"412","#1/A:412",2.31836242880956
"413","#1/A:413",2.29930857349505
"414","#1/A:414",2.03116132981483
"415","#1/A:415",1.26189502804495
"416","#1/A:416",1.54148431885426
"417","#1/A:417",1.83028867188158
"418","#1/A:418",1.9152189166659
"419","#1/A:419",2.2830432928519
"420","#1/A:420",1.31376724287562
"421","#1/A:421",2.65470308444129
"422","#1/A:422",1.2396546161058
"423","#1/A:423",1.83028867230447
"424","#1/A:424",2.01723874251647
"425","#1/A:425",1.83028867230447
"426","#1/A:426",1.50486971200856
"427","#1/A:427",2.22870129725132
"428","#1/A:428",1.67086995331899
"429","#1/A:429",1.83028867230447
"430","#1/A:430",1.66020470380968
"431","#1/A:431",2.13001408574629
"432","#1/A:432",1.91714763480538
"433","#1/A:433",2.35916333117952
"434","#1/A:434",2.31758399020792
"435","#1/A:435",2.0595746459965
"436","#1/A:436",1.83028867230447
"437","#1/A:437",1.14500008863347
"438","#1/A:438",1.59786145172031
"439","#1/A:439",2.13818403424378
"440","#1/A:440",1.69338943741296
"441","#1/A:441",1.97825529625948
"442","#1/A:442",1.78510709625488
"443","#1/A:443",1.0669229144169
"444","#1/A:444",1.23573103328849
"445","#1/A:445",1.72703788609185
"446","#1/A:446",1.83028867230447
"447","#1/A:447",1.49742760450116
"448","#1/A:448",2.0965250910255
"449","#1/A:449",2.35916333226969
"450","#1/A:450",1.88917716221806
"451","#1/A:451",1.79803054174752
"452","#1/A:452",2.35916333117952
"453","#1/A:453",2.05957464552063
"454","#1/A:454",2.0595746459965
"455","#1/A:455",1.83028867230447
"456","#1/A:456",1.62652838521967
"457","#1/A:457",1.61682830284689
"458","#1/A:458",1.79752371315324
"459","#1/A:459",3.30230374106673
"460","#1/A:460",1.83028867188158
"461","#1/A:461",1.20472317029968
"462","#1/A:462",1.62652838521967
"463","#1/A:463",1.8666573726378
"464","#1/A:464",1.7009531890843
"465","#1/A:465",2.0595746459965
"466","#1/A:466",1.70948357398952
"467","#1/A:467",2.3636354786494
"468","#1/A:468",2.81874748994055
"469","#1/A:469",2.04062530741866
"470","#1/A:470",2.0595746459965
"471","#1/A:471",1.79803054174752
"472","#1/A:472",2.00006360604509
"473","#1/A:473",1.58636505700598
"474","#1/A:474",1.26189502804495
"475","#1/A:475",2.5002056740879
"476","#1/A:476",1.69338943741296
"477","#1/A:477",2.05957464647236
"478","#1/A:478",1.94338931158421
"479","#1/A:479",2.65470308382792
"480","#1/A:480",1.579273538618
"481","#1/A:481",1.61959479202617
"482","#1/A:482",1.30747360293566
"483","#1/A:483",1.49045409228575
"484","#1/A:484",1.62652838521967
"485","#1/A:485",2.50494518844529
"486","#1/A:486",2.05957464647236
"487","#1/A:487",1.83028867230447
"488","#1/A:488",1.4263527732288
"489","#1/A:489",1.55231492304832
"490","#1/A:490",1.72703788609185
"491","#1/A:491",2.05957464647236
"492","#1/A:492",2.05957464552063
"493","#1/A:493",1.68837583006921
"494","#1/A:494",3.04662441240602
"495","#1/A:495",1.59786145135113
"496","#1/A:496",1.83028867188158
"497","#1/A:497",1.90552561761442
"498","#1/A:498",1.50486971200856
"499","#1/A:499",1.62652838521967
"500","#1/A:500",2.34006532043176
"501","#1/A:501",2.30090929074828
"502","#1/A:502",2.94692883140172
"503","#1/A:503",1.59786145135113
"504","#1/A:504",1.8933394462983
"505","#1/A:505",2.86931811154144
"506","#1/A:506",1.23965461581938
"507","#1/A:507",1.93971229637975
"508","#1/A:508",3.28669324386767
"509","#1/A:509",1.41997655648418
"510","#1/A:510",2.12948139799284
"511","#1/A:511",2.11529122165519
"512","#1/A:512",2.3591633317246
"513","#1/A:513",2.07205898222656
"514","#1/A:514",2.65470308505465
"515","#1/A:515",2.14423675773909
"516","#1/A:516",1.83028867188158
"517","#1/A:517",2.35916333117952
"518","#1/A:518",1.83028867230447
"519","#1/A:519",1.97825529625948
"520","#1/A:520",2.98726602495069
"521","#1/A:521",1.72703788609185
"522","#1/A:522",2.05957464552063
"523","#1/A:523",1.31376724257208
"524","#1/A:524",1.77811688059816
"525","#1/A:525",2.11754622466325
"526","#1/A:526",1.79695247841012
"527","#1/A:527",1.086451017045
"528","#1/A:528",1.83028867230447
"529","#1/A:529",1.44025046006856
"530","#1/A:530",1.24057003734619
"531","#1/A:531",1.94831666165906
"532","#1/A:532",1.14098981774874
"533","#1/A:533",0.950844929392904
"534","#1/A:534",2.31758399020792
"535","#1/A:535",1.59786145061276
"536","#1/A:536",1.83028867230447
"537","#1/A:537",1.41997655648418
"538","#1/A:538",2.65470308382792
"539","#1/A:539",2.35916333117952
"540","#1/A:540",2.54988594163723
"541","#1/A:541",1.83028867188158
"542","#1/A:542",2.35916333117952
"543","#1/A:543",2.01371123933473
"544","#1/A:544",1.69734339066758
"545","#1/A:545",1.76381512359149
"546","#1/A:546",1.83028867230447
"547","#1/A:547",2.12522206347416
"548","#1/A:548",2.0595746459965
"549","#1/A:549",2.35916333117952
"550","#1/A:550",2.49884478794231
"551","#1/A:551",1.41997655648418
"552","#1/A:552",2.65470308444129
"553","#1/A:553",1.63666675157788
"554","#1/A:554",2.0595746459965
"555","#1/A:555",1.62652838484386
"556","#1/A:556",2.0965250905411
"557","#1/A:557",2.05957464647236
"558","#1/A:558",1.83028867230447
"559","#1/A:559",1.83028867230447
"560","#1/A:560",1.83028867230447
"561","#1/A:561",1.9782552958024
"562","#1/A:562",1.52546818020153
"563","#1/A:563",1.49132977907648
"564","#1/A:564",1.41997655648418
"565","#1/A:565",1.57628545270313
"566","#1/A:566",1.80156966728929
"567","#1/A:567",2.0965250910255
"568","#1/A:568",1.67780922532594
"569","#1/A:569",2.98726602495069
"570","#1/A:570",3.42179803011328
"571","#1/A:571",1.5347721846201
"572","#1/A:572",1.19070863201982
"573","#1/A:573",1.89181562128478
"574","#1/A:574",2.10049936740033
"575","#1/A:575",1.41997655648418
"576","#1/A:576",1.7165683403993
"577","#1/A:577",2.60791496845518
"578","#1/A:578",1.83028867188158
"579","#1/A:579",1.56058229501469
"580","#1/A:580",1.62652838521967
"581","#1/A:581",2.0595746459965
"582","#1/A:582",1.97825529625948
"583","#1/A:583",1.59786145135113
"584","#1/A:584",1.6791686791614
"585","#1/A:585",1.4199765561561
"586","#1/A:586",2.31758398967244
"587","#1/A:587",1.83028867188158
"588","#1/A:588",2.35916333226969
"589","#1/A:589",1.83028867230447
"590","#1/A:590",1.83028867188158
"591","#1/A:591",2.35916333117952
"592","#1/A:592",2.05957464647236
"593","#1/A:593",1.86057478525801
"594","#1/A:594",1.62652838559547
"595","#1/A:595",1.97825529625948
"596","#1/A:596",1.22920220157557
"597","#1/A:597",2.05957464647236
"598","#1/A:598",1.76095847030756
"599","#1/A:599",1.72703788569282
"600","#1/A:600",1.83028867230447
"601","#1/A:601",2.05957464647236
"602","#1/A:602",2.05957464647236
"603","#1/A:603",1.44218022248776
"604","#1/A:604",1.41997655648418
"605","#1/A:605",1.5077224179599
"606","#1/A:606",1.79803054216295
"607","#1/A:607",1.83028867230447
"608","#1/A:608",1.83028867230447
"609","#1/A:609",1.41997655681227
"610","#1/A:610",1.47903719060215
"611","#1/A:611",1.4462159911372
"612","#1/A:612",1.83028867230447
"613","#1/A:613",1.51610419447142
"614","#1/A:614",1.49525880869389
"615","#1/A:615",1.4199765561561
"616","#1/A:616",1.69338943741296
"617","#1/A:617",3.05804552457334
"618","#1/A:618",1.5341741415019
"619","#1/A:619",1.62424443663
"620","#1/A:620",1.72703788529379
"621","#1/A:621",1.86312553953405
"622","#1/A:622",1.4199765561561
"623","#1/A:623",1.83028867272735
"624","#1/A:624",1.71783593911191
"625","#1/A:625",2.45614051582315
"626","#1/A:626",2.18684375581295
"627","#1/A:627",1.83028867230447
"628","#1/A:628",1.83028867188158
"629","#1/A:629",2.68705893837698
"630","#1/A:630",1.79803054216295
"631","#1/A:631",1.64879210247961
"632","#1/A:632",2.0595746459965
"633","#1/A:633",1.83028867272736
"634","#1/A:634",3.22876654629245
"635","#1/A:635",1.59786145135113
"636","#1/A:636",2.00264854575126
"637","#1/A:637",1.62652838484386
"638","#1/A:638",1.83028867188158
"639","#1/A:639",1.83028867230447
"640","#1/A:640",2.36898429055517
"641","#1/A:641",1.56969976110753
"642","#1/A:642",2.47112079525181
"643","#1/A:643",2.35916333117952
"644","#1/A:644",1.48085318999765
"645","#1/A:645",2.15163519867781
