Time,T° Lum,A1,A2,A3,A4,A5,A6,A7,A8,A9,A10,A11,A12,B1,B2,B3,B4,B5,B6,B7,B8,B9,B10,B11,B12,C1,C2,C3,C4,C5,C6,C7,C8,C9,C10,C11,C12,D1,D2,D3,D4,D5,D6,D7,D8,D9,D10,D11,D12,E1,E2,E3,E4,E5,E6,E7,E8,E9,E10,E11,E12,F1,F2,F3,F4,F5,F6,F7,F8,F9,F10,F11,F12,G1,G2,G3,G4,G5,G6,G7,G8,G9,G10,G11,G12,H1,H2,H3,H4,H5,H6,H7,H8,H9,H10,H11,H12
0:00:00,37,17,7,7,8,9,12,5,13,3,3,13,8,17,7,15,8,9,4,7,2,7,5,2,16,12,7,8,7,4,3,9,10,5,9,6,6,12,9,14,6,11,3,12,9,7,2,4,7,15,9,10,9,5,4,17,3,17,5,6,2,10,10,8,11,6,7,4,4,7,3,2,6,9,16,6,10,14,6,3,9,4,3,10,9,11,12,6,10,4,17,6,3,3,6,2,4
0:10:00,37,0,11,0,1,7,6,12,5,0,4,0,0,4,2,1,8,0,9,1,7,6,3,1,2,1,5,1,6,7,1,2,0,10,0,1,0,2,0,1,2,1,0,8,5,1,9,1,1,0,1,5,1,1,2,2,1,13,18,6,6,0,0,0,11,0,1,12,0,1,0,8,1,0,10,0,5,6,2,1,1,10,4,1,7,0,3,0,11,5,10,4,1,2,1,7,3
0:20:00,37,2,25,1,1,4,5,8,8,2,3,1,0,6,7,11,10,1,0,4,7,4,6,1,1,10,12,3,10,10,6,1,0,4,5,0,1,5,7,0,23,2,5,7,0,3,2,4,4,6,5,4,0,7,1,3,9,2,7,4,4,1,13,10,3,8,7,6,1,0,3,6,1,7,12,12,4,8,1,1,10,1,8,3,1,0,0,3,1,7,6,1,0,0,0,0,1
0:30:00,37,7,0,7,1,9,5,1,1,4,16,0,0,1,3,13,6,3,8,10,13,8,9,4,0,0,17,18,25,15,18,4,30,11,14,1,2,0,20,8,24,8,11,14,28,4,13,1,1,3,1,12,8,1,7,8,4,2,9,8,1,0,1,3,2,1,0,0,9,0,1,0,0,6,0,7,3,1,6,4,3,6,1,5,11,3,7,0,1,0,0,5,3,4,3,6,6
0:40:00,37,1,1,1,1,1,7,3,2,9,3,0,4,1,25,11,23,19,24,23,46,30,21,12,0,0,28,57,53,72,55,58,61,48,49,2,2,7,26,46,33,35,48,26,26,23,23,0,1,3,5,10,8,1,13,3,2,11,3,5,7,4,2,8,2,5,1,1,6,1,3,7,1,1,6,0,6,4,3,7,1,3,4,13,8,2,12,3,1,1,1,13,7,4,14,10,0
0:50:00,37,7,3,3,1,9,6,1,6,0,5,1,0,5,41,51,24,44,48,47,23,22,46,4,2,0,54,68,87,100,101,103,89,88,82,14,5,10,39,46,62,61,79,55,92,51,54,4,12,1,4,6,4,0,1,3,0,2,0,5,10,5,2,1,1,22,5,0,1,0,4,1,2,1,4,1,4,0,1,2,12,6,8,4,3,10,1,7,6,3,5,0,5,3,10,1,13
1:00:00,37,1,0,9,4,4,6,10,0,7,3,1,2,4,41,82,63,50,102,85,53,47,65,9,1,1,129,145,156,137,194,169,110,100,110,5,0,0,83,93,90,89,131,107,93,97,84,8,1,3,16,3,1,1,1,0,1,0,3,0,1,1,1,1,1,6,4,1,2,1,5,4,7,9,5,1,2,3,6,0,1,4,0,0,1,6,2,3,2,1,1,1,4,2,1,0,1
1:10:00,37,4,5,0,5,14,9,5,1,1,14,3,6,0,85,161,85,99,93,90,114,67,116,5,8,2,210,226,272,220,279,194,220,249,173,1,1,0,196,125,123,188,163,157,125,136,158,2,4,6,1,0,6,1,5,1,6,10,1,3,5,7,3,9,10,0,3,8,7,0,7,3,0,4,0,18,1,51,6,3,4,2,6,4,9,0,4,9,1,2,0,4,10,2,1,1,1
1:20:00,37,1,5,5,11,0,6,8,10,0,3,1,1,3,170,179,197,152,155,176,97,123,150,2,3,2,290,401,358,426,382,396,312,344,394,2,10,0,339,283,293,329,297,287,282,214,220,9,0,7,1,1,2,1,10,1,3,9,1,5,8,6,7,5,0,4,4,2,1,4,1,4,2,0,3,0,1,9,0,5,0,3,6,1,4,0,5,70,2,7,8,6,6,2,1,2,0
1:30:00,37,12,4,1,7,0,1,6,9,1,3,3,3,1,182,174,325,299,243,250,268,220,203,17,4,0,456,570,547,543,476,537,478,574,561,17,9,1,321,391,504,410,432,425,376,357,413,4,5,0,0,12,5,9,6,6,1,1,1,10,3,7,5,0,1,1,1,20,2,0,8,14,0,9,3,5,1,2,3,6,11,2,8,4,3,10,16,1,0,0,4,4,2,4,11,2,0
1:40:00,37,1,1,4,6,3,4,7,4,11,6,0,12,5,255,344,389,349,395,412,263,312,251,6,1,13,685,858,799,888,899,891,655,733,736,1,1,11,525,587,628,642,718,636,571,550,569,4,1,0,6,1,10,1,1,6,1,0,0,15,1,9,3,5,1,6,4,0,7,7,2,3,6,0,7,3,2,5,5,5,7,0,4,5,1,5,6,1,1,9,2,1,1,1,5,2,0
1:50:00,37,1,6,4,7,1,1,5,4,2,8,5,11,6,359,394,438,399,502,416,365,413,434,3,2,9,1108,985,1255,1291,1247,1307,1047,1150,1068,9,1,8,810,773,917,1003,982,936,853,965,929,16,5,1,0,0,4,0,1,5,0,1,2,0,8,1,3,6,1,0,1,0,1,2,8,14,11,0,0,5,4,3,9,0,5,3,10,2,8,0,4,2,10,5,8,12,5,29,7,0,7
2:00:00,37,0,9,6,5,3,7,17,12,18,0,0,9,11,457,499,611,559,541,574,508,524,536,4,2,1,1433,1624,1655,1796,1618,1806,1437,1651,1508,5,6,1,1168,1280,1261,1331,1417,1420,1222,1290,1207,11,3,5,7,6,1,5,2,6,1,3,10,8,3,1,0,5,0,1,0,8,12,0,0,3,1,1,5,3,3,1,3,6,4,2,11,1,8,5,2,3,12,4,7,0,6,2,4,1,7
2:10:00,37,10,2,4,1,10,3,9,4,6,6,4,8,11,678,655,843,563,603,692,578,557,549,2,5,5,2102,2100,2359,2402,2297,2370,2142,2275,2071,4,5,4,1542,1400,1760,2044,2033,2122,1652,1725,1792,7,9,1,6,9,4,6,1,12,8,0,1,2,8,4,4,8,3,5,1,5,10,0,6,1,11,7,5,4,4,0,6,5,8,6,1,1,5,5,6,9,5,7,1,0,1,1,1,3,6
2:20:00,37,3,1,4,7,24,7,1,8,11,3,1,1,1,798,940,968,780,851,988,729,670,605,4,15,13,2733,2807,2964,3300,3337,3349,2714,2924,2706,3,6,6,2130,2121,2223,2530,3016,2775,2442,2352,2365,1,7,2,9,10,12,2,14,3,9,6,3,1,3,1,0,5,0,1,4,2,0,5,0,2,19,3,1,0,7,10,7,0,0,8,3,1,1,11,1,3,3,0,6,1,2,0,2,1,1
2:30:00,37,0,3,8,5,4,8,7,7,2,13,1,2,3,1068,1143,1152,982,967,1146,873,979,932,3,1,4,3684,3750,3975,3993,4409,4344,3655,3855,3679,10,2,3,2686,2719,3162,3523,3791,3767,3108,2940,2947,6,1,2,10,15,8,0,2,6,12,10,1,3,0,0,12,1,0,8,6,1,8,5,6,2,0,0,7,3,13,4,1,10,6,4,17,4,4,5,1,2,0,7,0,1,2,12,8,0,1
2:40:00,37,1,8,1,10,7,9,6,4,0,7,1,4,1,1474,1769,1756,1292,1174,1098,1095,1030,1186,15,9,11,4897,5012,4908,5478,5362,5939,4422,4935,4776,14,0,4,3621,3744,3882,4508,4989,4879,3734,3802,3745,8,1,3,27,2,17,17,0,7,10,12,6,0,1,0,1,1,5,8,16,1,5,14,22,1,4,9,5,0,7,4,4,10,13,6,10,1,8,1,0,0,1,0,7,1,0,3,1,5,1
2:50:00,37,6,3,7,11,9,6,8,0,2,8,10,3,9,2014,2282,2406,1398,1416,1476,1187,1204,1311,15,4,9,6240,6195,6595,6738,6527,6875,5856,6081,5656,20,1,9,4409,4554,5176,5791,5902,5784,4788,4652,4661,5,7,5,20,12,23,6,10,9,9,0,1,2,1,5,3,10,3,18,1,6,22,9,0,1,0,3,1,7,1,1,4,11,3,4,0,0,4,10,7,6,7,1,4,5,3,2,1,3,4
3:00:00,37,9,0,2,9,7,6,5,0,7,8,15,2,7,2639,3307,3170,1417,1507,1721,1458,1497,1430,17,7,6,7354,8225,8240,8260,8003,8460,6946,7263,7198,6,2,10,5501,5902,6519,7110,7613,7215,6060,5699,5851,8,1,3,27,5,27,14,15,14,15,20,9,10,6,8,3,7,2,2,1,5,18,1,3,5,4,0,9,0,0,10,5,11,0,3,10,8,0,8,1,13,7,1,0,3,0,10,5,3,1
3:10:00,37,8,27,13,16,10,3,5,5,4,4,1,0,13,3984,4921,4991,1628,1736,1694,1438,1703,1628,1,0,7,9569,9999,10630,9508,9813,9944,8476,8957,8219,16,1,12,7391,6791,8000,8374,9133,8653,7263,6801,6881,9,5,6,22,44,28,4,8,19,8,19,24,9,9,9,23,3,7,11,5,9,5,9,10,10,0,12,1,8,7,0,3,8,17,9,9,1,1,2,14,5,0,11,18,1,3,3,4,1,1
3:20:00,37,3,12,12,11,6,6,19,4,8,12,0,6,15,5908,6946,7104,2205,2248,2225,1580,1854,1636,3,2,30,11965,12548,13620,11018,11407,11520,9566,10279,10012,20,5,8,8726,9004,9972,9556,10712,10165,8363,8264,8065,21,1,9,16,8,23,16,9,6,9,20,9,6,14,3,5,9,6,21,10,13,19,4,5,8,4,10,15,6,7,5,3,12,1,4,9,5,0,9,5,2,14,1,1,1,11,2,5,7,17
3:30:00,37,9,24,12,17,7,20,5,17,7,12,14,1,14,8371,9874,9727,2221,2423,2352,1992,1889,1921,22,1,23,15431,15999,16805,13112,12636,13399,10930,11326,10653,6,0,26,11124,11114,12304,11446,12271,11350,9918,9173,9206,29,12,11,15,15,14,18,19,37,11,16,15,14,1,5,5,4,1,6,6,11,6,7,9,0,5,11,5,11,1,0,6,7,9,7,1,6,7,1,6,4,9,0,0,8,10,1,10,10,9
3:40:00,37,12,37,41,19,22,24,3,19,13,3,0,1,1,11690,14292,14488,2809,2672,3029,2011,2264,2005,11,3,26,19194,19822,20831,14515,14914,15316,12225,12649,12222,12,1,25,13578,14223,15771,13098,13535,13405,11035,10164,10747,22,6,1,18,10,18,34,31,12,11,34,12,5,4,12,7,9,19,10,4,23,16,2,2,5,6,11,17,3,1,6,5,10,17,0,4,5,6,10,7,3,6,6,3,4,1,6,1,0,3
3:50:00,37,11,24,25,34,11,14,10,7,14,1,16,11,28,16205,19811,20106,3305,3203,3352,2205,2280,2049,6,4,35,23174,24352,26495,17148,17128,17728,13457,14218,13695,20,5,20,16931,16639,18842,15027,15766,15040,12286,11783,11404,8,4,23,18,15,33,23,14,20,16,23,13,1,4,9,13,18,13,23,13,5,20,7,1,8,16,1,6,8,9,3,10,11,12,1,14,2,2,8,13,7,3,2,7,6,14,11,5,5,5
4:00:00,37,12,21,44,64,39,19,14,12,4,18,1,3,41,21956,26484,27113,3951,3699,3769,2438,2477,2261,5,8,41,28567,29498,32046,19397,19133,19173,15620,15450,15008,22,15,28,19865,20959,23294,17190,17733,16705,13530,12691,12675,7,1,14,16,26,18,39,31,17,30,24,59,4,8,9,14,16,15,9,12,6,11,8,3,4,5,9,1,10,14,18,11,5,9,8,3,8,3,1,4,5,5,2,6,3,5,5,0,0,4
4:10:00,37,18,33,58,43,21,43,22,14,25,21,8,13,49,27844,33669,34730,4742,4506,4539,2200,2685,2560,3,13,60,34980,35878,38489,21362,21369,22152,16832,17637,16449,12,23,31,24733,24761,27448,19269,19831,19235,14829,13935,13837,13,10,5,40,50,22,20,35,39,29,29,46,9,11,3,15,12,22,21,8,9,2,4,0,14,0,8,19,5,13,30,3,4,9,12,17,5,6,6,9,2,6,6,7,8,2,13,17,21,1
4:20:00,37,11,43,88,64,22,7,15,17,3,3,16,14,40,34445,41297,43484,5325,5313,5449,2780,2774,2650,15,6,56,40763,42999,46347,24706,23996,24319,18276,19228,17798,27,13,22,29223,29636,32929,21546,22954,21514,16367,15561,15234,6,10,20,31,28,62,45,46,26,32,20,23,9,15,11,11,14,16,18,13,12,14,4,2,6,1,11,10,13,8,15,10,10,12,7,7,1,2,10,8,14,1,3,10,3,15,12,18,1,12
4:30:00,37.1,15,61,63,56,46,26,26,11,14,6,17,5,71,42445,49856,52186,6669,5946,6233,2772,3041,2860,14,1,85,47089,49665,52450,27186,27442,27586,19937,20674,19498,21,4,45,34086,34298,38210,23823,25076,23666,17196,17140,16548,6,5,12,34,40,40,50,46,36,11,19,31,10,15,10,7,23,27,22,21,31,5,0,4,3,6,11,12,0,12,5,9,7,4,8,4,24,4,12,9,13,10,4,9,11,9,5,0,7,6
4:40:00,37,25,58,35,89,48,19,9,7,22,18,9,3,61,49572,58516,61759,7923,7206,8090,2909,3118,2979,29,21,100,53310,54417,57926,30007,31190,31137,21437,22313,21207,42,3,26,39056,39934,43685,26176,28568,26687,19245,18222,18460,34,7,35,34,57,43,49,70,58,27,42,44,6,14,7,24,20,10,15,17,17,14,4,16,7,0,18,6,16,11,20,3,7,8,8,8,12,5,1,1,18,19,16,9,3,9,7,3,5,2
4:50:00,37,20,37,119,58,68,35,20,17,18,5,8,10,61,55874,66197,69075,9380,8971,9373,3102,3596,3243,2,7,120,58862,61541,64622,34148,33622,34906,23065,23878,22454,39,1,29,44489,45110,48930,29925,31476,29998,20861,19846,19035,42,17,25,40,75,84,51,79,47,33,41,39,8,6,18,16,29,23,12,14,26,11,10,10,5,7,10,26,21,21,5,24,6,18,8,3,17,8,10,7,7,11,16,15,1,14,17,14,2,12
5:00:00,37,15,65,90,89,45,37,32,18,17,17,13,7,78,63795,72050,78171,11522,10718,11543,3369,3733,3363,8,6,58,64484,67470,70275,37611,38326,38733,24443,26438,24787,42,19,57,48455,50183,54751,32994,35148,33080,22729,21980,21313,22,21,22,49,81,66,77,36,99,59,42,25,15,7,7,36,20,28,14,8,9,17,2,7,7,0,7,19,10,23,2,10,14,13,12,10,15,9,57,3,13,1,15,1,6,11,15,5,16,9
5:10:00,37,18,76,136,83,74,66,60,38,32,13,13,10,108,69912,78157,85042,13754,12538,13565,3454,4064,3531,7,12,76,69829,72247,75467,41586,41351,42346,26461,28158,26329,36,5,33,52500,54336,59704,35562,38076,37101,24537,23905,23073,40,20,13,46,64,94,38,72,58,38,25,3,21,14,22,22,27,9,24,19,12,9,19,14,1,7,14,7,6,8,11,22,6,11,7,13,10,1,15,15,10,13,7,2,2,3,3,8,3,7
5:20:00,37,24,130,144,95,59,23,33,49,29,28,1,9,122,75813,84624,91267,16357,15668,16590,3872,4264,3854,28,3,102,74518,77686,80403,45976,45362,46874,28273,29996,28132,45,18,60,58166,59036,64289,40679,41781,40332,26807,24863,25101,27,1,40,71,78,56,97,71,54,30,37,43,39,13,10,11,29,23,42,26,3,20,6,10,8,2,17,20,15,16,20,19,5,15,13,13,8,7,11,6,8,16,15,17,12,30,7,0,5,5
5:30:00,37,25,96,171,116,45,56,40,38,12,12,9,8,103,82547,92266,98070,19558,18558,19740,4016,4642,3950,15,15,135,79248,82450,85855,49880,50546,51281,30166,32337,29799,50,4,100,62105,62578,69225,43784,46348,44689,28670,28248,26575,32,24,24,104,98,87,124,88,63,44,44,83,5,3,9,14,17,19,19,6,8,16,27,5,12,9,17,7,19,10,11,15,12,3,19,14,6,3,6,9,11,21,34,11,20,9,10,7,11,0
5:40:00,36.9,35,115,120,114,73,93,60,35,31,27,19,10,100,88591,99080,104395,22723,21448,22438,4564,5060,4372,21,20,117,84294,86586,89681,53781,54091,55316,33023,33937,31574,45,14,77,65649,67084,73199,47627,50695,48514,30941,30597,28457,49,66,32,57,118,101,80,42,67,68,69,38,7,4,45,20,32,19,18,14,14,6,31,22,6,1,7,31,25,20,35,14,12,9,4,1,10,1,8,9,31,37,16,24,14,3,1,2,9,6
5:50:00,37,20,152,202,151,96,84,76,33,45,41,8,13,122,94580,105575,105377,26716,25778,26802,4893,5329,4847,12,6,131,88907,90673,93625,57847,57567,59304,34903,36658,33675,51,14,85,69902,70318,76096,51008,54931,51818,33487,32991,30951,35,24,28,86,110,98,46,71,59,42,28,65,14,5,24,36,28,31,54,23,54,15,35,5,10,7,13,12,13,16,12,21,19,9,10,5,6,11,17,15,15,13,13,23,17,14,5,1,12,16
6:00:00,37,27,145,209,177,103,81,112,30,38,24,13,19,134,99861,112828,112271,30169,28750,29952,5257,5886,5201,30,18,145,93616,96951,102080,61119,62314,64261,36616,38551,35100,25,10,106,73188,74874,79960,54817,57509,56711,35548,35054,33566,59,5,25,112,76,115,79,76,86,32,63,45,32,15,21,20,24,35,36,44,23,23,43,16,9,5,25,31,8,7,15,27,15,13,2,26,3,10,9,10,14,20,15,13,27,12,1,10,5,4
6:10:00,37,43,164,169,182,117,80,79,40,59,28,18,17,115,103669,111849,116030,33972,32527,34773,5655,6473,5404,19,12,185,98877,100576,103558,65461,65110,67396,40123,41374,37552,56,3,56,77426,80023,84549,58474,60527,59566,38107,37050,35897,19,15,30,92,102,85,98,114,54,50,41,40,13,15,10,40,14,40,69,23,18,46,15,5,8,15,14,6,24,6,28,16,21,21,7,25,6,5,15,1,19,16,11,18,22,22,6,1,24,8
6:20:00,37,45,106,186,206,97,104,84,62,21,19,10,2,166,107017,113816,120369,37869,36989,38110,6240,7196,5902,13,14,182,102073,104274,105579,67859,69767,70537,41758,44480,41054,42,18,134,81475,84504,89241,61530,63815,63176,41144,40102,38082,59,18,29,105,82,102,93,99,83,58,40,41,15,10,23,24,37,26,22,46,29,22,21,5,5,4,14,33,19,23,4,23,30,20,14,14,9,10,0,3,13,15,17,7,15,24,13,28,26,8
6:30:00,37,65,164,168,110,146,85,114,51,18,38,15,14,165,108878,119902,124587,41910,41263,42528,6983,7697,6773,15,19,97,104507,107575,109771,70846,72228,73114,44202,48007,42911,47,15,142,85988,89811,92267,65068,68512,65580,43581,43748,41410,62,23,22,98,141,131,74,93,104,92,63,59,19,7,32,31,17,21,34,43,59,20,16,12,24,3,11,10,43,17,18,24,23,39,25,6,6,13,7,25,17,15,17,13,20,32,2,14,10,2
6:40:00,37,69,153,156,192,175,121,72,67,45,153,38,6,149,113979,117419,122684,46559,44895,47088,7521,8349,7165,44,11,130,110014,110895,114039,73650,75774,76615,47762,49744,45181,63,10,147,90759,93571,96979,67560,69102,69248,47139,46307,43717,46,15,25,88,129,180,112,118,103,77,67,28,16,5,47,49,34,55,45,14,38,26,20,22,4,12,8,21,19,18,25,53,23,18,11,8,9,10,17,22,16,29,13,16,25,12,10,18,13,1
6:50:00,36.9,76,176,232,183,109,96,65,69,27,29,17,16,220,112310,121232,127982,50156,48521,51419,8228,9221,7564,26,8,181,112716,116103,115109,75742,77884,79889,50536,52320,48397,60,27,153,95316,96746,100698,69986,72619,72267,49792,49191,46650,69,18,60,106,138,190,103,144,133,72,52,59,17,14,10,27,44,43,28,29,31,34,9,25,8,23,8,32,14,43,26,18,28,16,6,13,17,9,8,14,14,25,18,11,3,6,5,6,14,15
7:00:00,37,47,173,185,166,125,131,110,39,25,25,13,8,129,115815,125586,125398,52741,52788,55333,9386,9559,8638,43,5,215,109668,116531,119584,78019,79754,81521,53505,54413,49484,41,11,110,98024,100650,103562,72442,76506,74166,53552,51752,49138,73,18,36,121,125,140,126,140,110,67,67,52,31,18,31,43,45,38,35,44,39,34,34,29,25,3,11,23,21,29,29,16,18,25,15,13,18,3,14,19,17,10,27,9,8,14,26,23,9,10
7:10:00,37.1,30,182,196,136,125,128,108,39,43,21,21,28,154,113629,123874,123146,57451,56336,59103,10109,10779,9017,37,26,232,117533,117530,121248,80247,82336,82163,56277,57110,52818,49,2,124,101461,105581,104135,75478,78788,76216,55938,56033,52209,55,18,72,138,173,137,149,107,69,75,83,66,36,10,35,40,40,28,77,44,24,31,21,5,11,9,29,23,16,18,32,25,14,22,18,3,3,9,11,7,16,18,7,6,19,6,13,10,7,18
7:20:00,36.9,67,163,198,199,145,137,90,94,25,42,23,19,190,117626,120714,120420,60437,60646,62028,10701,12043,10427,35,23,201,115192,115724,122816,80471,84224,86569,59009,59698,55820,77,14,99,102223,107164,109394,77465,80915,79361,59291,58323,54209,78,16,52,141,170,140,150,106,127,60,55,80,12,10,8,43,42,36,40,12,38,44,109,14,25,4,18,28,49,16,45,34,45,37,18,8,20,9,15,9,25,21,22,23,21,15,8,10,6,8
7:30:00,37,41,133,219,187,131,134,108,75,67,25,33,19,177,115386,122280,120236,63432,63187,64887,11998,12988,10985,43,6,135,114617,108533,115927,82073,87241,87409,61026,63254,57387,69,21,104,105569,105505,110885,81336,83132,82919,61095,60290,56441,67,32,42,131,137,189,161,117,101,74,83,81,37,9,22,50,44,47,40,38,43,36,17,17,11,5,18,27,40,54,20,11,10,17,30,21,25,16,0,29,37,30,17,17,25,11,14,10,19,18
7:40:00,37,51,146,162,203,161,120,141,81,45,55,17,13,107,113646,122282,115682,66814,67167,68587,13026,14620,12006,80,6,192,114571,117985,116145,85511,89868,89132,63835,65182,60448,64,32,115,107771,109966,111742,83791,86328,84447,64899,63662,60375,89,9,54,93,137,155,123,120,88,82,77,85,27,2,38,34,65,50,32,21,32,29,19,2,10,20,30,42,43,35,16,33,35,24,44,29,6,9,13,3,19,0,9,9,21,10,15,20,11,6
7:50:00,37,48,170,185,188,162,136,99,55,50,30,18,22,158,117735,114204,110866,69547,69359,71652,13795,14978,13330,41,33,162,114232,116214,115064,88078,90921,91001,66544,67498,62069,83,25,174,111103,114440,114945,85559,89222,85849,67206,66206,62025,70,15,61,117,160,173,176,153,161,108,70,63,28,6,36,49,36,57,38,38,24,25,31,14,28,26,19,45,21,5,15,26,34,16,21,16,5,21,15,28,22,22,18,14,11,11,8,22,1,18
8:00:00,36.9,77,198,244,178,172,186,124,66,59,49,18,15,182,111509,117425,114876,71513,72591,74479,15051,16806,14082,41,2,176,116740,111229,114148,89892,92374,94214,67658,70590,63958,72,29,192,107002,111545,114346,88198,91443,89488,70065,68638,64730,74,53,44,116,173,171,159,154,110,89,91,47,30,16,15,37,15,44,50,43,53,36,33,24,12,2,32,23,9,50,41,13,30,25,4,25,22,6,13,29,24,17,36,19,50,13,15,15,1,3
8:10:00,37,59,173,189,158,127,118,100,66,50,43,31,25,170,107421,113708,110958,75253,74905,75732,16407,17672,14645,34,11,177,115516,109199,116915,91593,94165,95501,71802,71829,68326,108,18,151,106861,109595,118438,90679,93370,92384,72347,70913,66750,75,17,58,109,213,146,139,145,162,74,110,64,30,8,33,42,37,49,44,35,32,28,19,29,12,18,26,34,36,35,25,20,44,10,23,17,15,11,19,9,28,25,35,6,37,12,17,11,17,1
8:20:00,37,65,195,203,189,144,166,110,92,81,58,25,11,162,105952,118553,117218,78625,77216,80127,18080,18721,16565,41,0,173,112354,114975,111050,93900,96105,99058,74317,74428,69425,86,10,141,105973,114739,115613,93300,96180,95101,75426,74130,70727,96,22,40,148,198,123,168,151,112,88,105,143,13,20,29,71,39,35,39,30,54,24,52,34,20,10,8,39,26,39,16,28,10,40,18,11,20,0,8,19,21,13,20,9,37,20,9,16,18,10
8:30:00,37,51,133,172,188,150,155,222,88,111,41,18,30,162,109835,116936,108496,79960,80747,81984,18750,19908,17238,52,7,177,109859,110268,114573,95510,98768,101362,74798,77361,72341,96,16,166,109381,109303,117424,96080,97931,96084,77270,76602,72669,87,27,78,120,105,128,155,151,125,108,100,102,28,17,24,31,23,59,58,50,32,41,30,20,10,14,19,19,38,18,26,17,34,26,13,27,40,11,14,14,7,14,20,16,6,3,20,19,11,6
8:40:00,37,60,160,225,205,118,164,192,105,56,74,13,13,136,106864,113314,109822,81456,80968,83213,20044,22012,19012,65,24,137,110308,115401,110639,98177,101007,103311,78057,78798,73355,104,23,154,108643,109010,112326,97183,99678,98977,79774,78883,74528,85,26,40,139,161,140,149,137,158,99,100,119,37,9,9,35,27,90,30,75,58,30,49,25,24,13,13,23,38,24,33,40,28,23,20,28,15,5,10,12,32,18,7,23,11,6,33,3,14,12
8:50:00,37,47,155,153,150,129,172,153,90,86,44,22,17,174,107011,112477,109065,84012,84674,86471,21956,22225,19479,35,21,186,107714,111328,111938,100715,101514,103536,79421,81066,75282,76,12,153,107531,111029,109073,99221,100682,100111,82334,80664,78010,94,19,31,194,142,220,141,184,120,116,116,99,35,6,26,40,37,33,43,68,48,56,45,25,12,15,8,36,58,31,25,24,34,11,15,21,19,23,8,18,25,13,23,19,6,27,26,28,23,6
9:00:00,36.9,51,155,152,195,164,138,149,75,88,37,42,54,134,105532,113149,107890,86166,87384,88397,22232,24279,20739,70,34,157,110447,109573,112767,100259,102464,106632,80088,81306,77092,84,17,181,105036,109142,111016,100603,103026,101820,84118,82848,79331,108,20,20,133,127,126,163,185,111,117,120,60,30,16,24,45,31,75,76,37,42,42,46,21,23,13,25,30,43,40,28,54,31,25,31,26,25,0,10,22,29,15,16,12,23,14,28,8,15,26
9:10:00,37,66,153,201,226,128,157,134,90,107,44,34,17,210,107655,110277,110372,87074,88870,89695,23588,25471,23301,41,25,181,108564,108599,111614,102467,103904,107523,82986,84777,79685,129,23,120,111938,107652,109582,103201,103426,101249,87310,85271,83236,95,26,31,107,215,158,183,174,129,153,150,61,34,36,20,32,69,39,67,33,30,52,38,45,25,10,23,48,28,44,28,52,32,32,29,11,15,2,26,34,17,20,11,26,26,26,16,43,29,7
9:20:00,36.9,45,158,188,196,178,154,157,79,71,72,9,26,140,104924,109355,108983,89064,92165,92924,25311,26941,23756,37,55,137,105251,114621,109587,102632,106443,108360,84197,88758,81376,99,20,138,110146,109499,108482,102583,105145,103676,88529,86752,83069,97,10,67,120,153,153,155,177,130,132,100,87,32,12,15,39,73,44,63,30,18,35,49,20,21,28,23,31,22,10,28,56,8,45,40,23,15,18,13,16,11,21,32,20,39,2,21,27,16,0
9:30:00,37,63,171,213,197,149,145,178,111,114,38,22,0,142,103798,111379,105164,91932,92765,93798,26459,27651,24997,63,23,138,108956,108988,109453,103900,104988,106107,86530,87796,83387,110,12,157,106192,107562,106519,102274,104535,101710,89706,88057,85312,76,25,49,146,154,126,177,158,151,126,156,106,23,2,27,62,37,38,45,45,34,44,33,33,8,38,17,29,41,37,37,21,25,44,14,22,13,20,13,24,35,20,27,17,9,21,12,14,26,16
9:40:00,36.9,35,150,194,136,154,205,209,142,80,70,22,21,138,102078,106282,106398,91994,93993,95585,27633,29359,25209,73,35,212,106993,107151,113285,103682,105198,108231,87677,89150,85098,115,10,160,105359,103914,112385,104181,103556,101900,90468,90926,87200,109,30,36,166,196,104,167,151,158,161,124,105,38,34,48,40,43,46,38,28,31,39,38,10,9,12,25,38,33,50,32,44,32,18,5,55,10,17,12,23,18,12,37,37,10,15,7,16,17,15
9:50:00,37,52,184,225,168,139,190,144,90,86,70,51,21,203,103620,105309,107454,94591,94322,96476,29214,29543,27275,30,21,161,106856,109926,106788,107492,106591,107687,89374,90614,86372,97,39,152,106158,103551,107854,103225,101979,101212,92892,92034,87109,150,31,42,132,147,150,154,107,170,165,150,117,26,21,10,23,42,31,89,56,36,55,52,22,12,34,12,22,56,29,30,24,30,25,9,23,9,16,14,13,25,18,25,26,17,24,10,27,4,35
10:00:00,36.9,56,140,216,189,154,163,149,125,105,58,47,1,146,102791,104259,104168,94958,95525,96763,30463,32138,28224,60,32,190,107511,107297,106667,106651,105309,106329,90236,93930,87985,158,30,154,107113,107466,109046,100845,103443,101235,93698,92572,89994,140,19,75,98,134,145,111,172,179,188,142,148,42,24,17,99,52,59,69,31,26,20,35,31,31,12,9,17,32,19,36,28,30,39,22,15,6,25,16,18,15,22,26,21,15,9,7,10,42,8
10:10:00,37,44,149,163,212,164,152,152,89,58,117,66,15,135,101213,107516,104433,95450,94677,99589,31868,32671,29134,67,24,155,105543,108594,112462,105023,104772,106090,92239,93919,88330,130,29,124,104340,105310,110982,102604,101538,99393,93878,93021,90899,115,29,38,110,145,148,164,194,171,132,120,112,30,42,24,40,62,34,26,45,53,67,21,36,21,15,17,25,40,38,12,23,65,22,41,12,26,13,16,2,12,23,40,21,22,5,6,33,19,22
10:20:00,37,51,144,177,130,174,178,167,106,69,59,37,27,119,100983,107088,103195,96596,96039,99791,33293,34476,30264,58,17,151,106628,108993,107252,106143,106104,104794,94054,95004,90378,120,33,132,108888,104853,107619,100442,101387,99654,94046,94182,90746,75,34,48,142,157,133,134,216,179,179,152,87,53,33,27,22,57,15,51,44,54,65,38,38,30,14,25,43,32,39,45,43,32,41,32,24,25,18,22,48,19,12,41,34,32,27,4,9,15,6
10:30:00,36.9,48,182,223,110,143,155,130,151,53,67,47,19,130,99564,104022,103273,97706,95624,99508,33408,34109,31583,62,43,167,105206,103972,108633,102129,104886,104654,94865,96764,90868,107,32,100,105256,106274,108624,100646,99754,98668,96088,95867,91482,145,22,38,116,188,161,180,160,128,141,94,88,56,24,25,57,46,45,54,25,66,47,25,40,39,14,18,19,31,43,29,51,39,36,19,33,0,7,14,35,13,16,27,11,5,16,22,12,6,15
10:40:00,37,51,138,171,142,199,175,202,103,74,91,39,15,170,98713,104289,102093,99023,96029,100307,34689,36432,32603,91,15,193,104299,105367,107669,104841,103080,104874,94958,97207,93317,114,22,131,105044,106404,107005,99523,99675,97778,95390,95787,91235,120,46,42,131,165,133,191,216,159,158,96,85,44,35,31,38,43,54,41,47,52,24,15,39,30,20,5,40,39,19,36,42,8,41,28,12,25,23,10,13,28,24,29,14,6,43,28,14,24,5
10:50:00,37,55,112,163,168,185,201,191,118,92,66,32,16,122,98527,102014,99917,98469,97492,99538,35855,37537,34395,76,22,151,103232,105862,105785,103463,102874,103903,97387,97809,93565,108,25,109,105689,107209,106043,99488,98254,97318,94199,97355,92414,114,32,42,106,147,162,117,181,160,171,129,93,22,10,25,93,47,38,64,39,80,49,30,28,27,3,48,32,53,35,36,29,20,44,9,6,51,9,23,15,30,14,11,10,17,31,32,10,15,9
11:00:00,37,71,136,208,187,165,217,143,118,114,54,46,20,182,99042,103361,100341,98478,96460,98894,37562,39204,34779,99,41,209,103969,103949,106289,103011,103406,104474,97251,98475,95708,139,23,198,104243,103666,104995,98942,99018,96700,95965,95579,92860,105,26,41,89,132,161,200,107,188,131,108,143,40,10,22,38,34,56,48,46,35,34,23,23,35,27,3,28,29,40,27,32,25,18,28,7,13,12,22,15,29,33,19,16,49,21,14,23,4,16
11:10:00,37,69,172,183,200,174,169,182,138,103,73,28,15,167,96257,101711,98836,98492,95948,99422,38375,40078,35914,60,15,200,104364,104151,103488,102916,100675,101626,96768,99295,94878,148,30,137,102906,103850,105512,98516,98355,96441,95137,95473,93189,168,23,52,120,153,190,140,186,134,129,98,119,45,11,34,51,38,27,79,53,48,38,22,26,13,23,11,33,15,47,21,36,30,35,16,31,9,13,24,32,23,22,24,34,17,16,10,17,9,10
11:20:00,37,33,158,140,174,169,226,189,142,83,51,27,13,135,96544,101492,98070,98080,96386,99406,39780,40993,38041,79,32,180,101834,103234,103080,100404,100895,101780,97160,99344,95661,121,19,145,102648,104317,105482,96664,97482,94701,94814,94173,92032,100,17,52,139,104,156,163,166,143,149,145,88,62,7,38,25,35,36,48,55,60,57,23,23,12,8,24,18,39,34,18,23,35,36,22,29,15,34,11,18,21,29,29,29,33,19,39,21,26,14
11:30:00,37,40,186,164,146,174,164,162,135,82,73,15,46,171,95774,100488,97444,98367,96047,98112,40314,42294,37848,62,31,166,101099,101872,103608,98723,101069,102526,97397,99627,94613,125,19,158,102523,103010,104146,97305,95533,94938,94358,95264,91564,142,36,41,100,170,139,170,183,178,142,166,125,43,15,25,16,68,75,51,46,20,23,61,17,9,18,17,33,10,42,25,35,20,34,26,35,8,15,18,19,11,21,32,23,28,23,35,26,4,14
11:40:00,36.9,40,145,171,191,170,107,177,132,109,81,20,15,102,95298,99346,96711,97573,96643,97142,41496,42354,38540,84,60,185,101380,102867,104085,100306,99679,101251,97886,99472,95579,107,21,143,101006,102476,103505,96296,96078,95095,94478,94465,91656,101,16,38,123,88,182,148,140,97,156,178,126,44,13,47,32,42,27,63,60,60,45,24,23,20,26,24,13,23,27,35,51,22,33,51,35,11,6,22,37,30,36,32,28,21,36,15,29,17,11
11:50:00,37,55,172,160,145,191,180,202,109,105,88,29,8,151,94298,98050,95270,97509,95850,98364,41517,43430,40028,82,30,173,101988,101935,102584,100113,98441,99407,95429,96434,94695,118,17,112,100860,101309,102709,95434,94474,92539,93404,95272,90435,157,30,44,112,126,166,173,214,143,177,148,141,42,28,38,68,44,49,26,43,54,46,44,19,29,11,12,28,22,20,38,43,21,28,20,11,27,12,5,5,21,11,29,24,35,40,27,22,11,5
12:00:00,37,46,120,181,143,196,121,154,106,121,129,36,13,140,93138,97949,95768,97198,94182,98195,42787,44729,40581,66,32,199,100886,100252,103363,99290,97556,99064,95573,97779,94861,150,36,168,100899,102203,101035,95478,94660,93058,91297,94971,90642,144,21,77,179,148,125,159,174,151,105,125,114,42,14,27,38,29,62,51,46,47,36,34,22,30,5,28,31,24,37,43,36,50,21,43,46,10,8,10,13,23,27,20,34,50,45,13,22,20,9
12:10:00,36.9,60,137,166,170,165,165,140,119,102,66,36,20,142,93068,97051,95048,96044,94116,96053,42974,46522,40852,120,28,199,99759,100731,100350,97285,98019,97818,97629,97106,93593,134,29,141,99522,100193,101160,94439,93894,92964,91243,93378,90252,150,28,22,104,147,180,130,142,152,115,185,134,15,5,22,47,35,27,79,62,73,34,32,42,11,27,14,26,38,19,16,47,43,21,28,8,16,11,12,21,29,8,52,24,18,18,20,27,27,8
12:20:00,37,28,164,160,174,213,186,138,132,114,73,47,29,135,91998,96226,94907,95990,92873,95911,43577,46570,42728,96,20,185,100152,100322,100212,96840,97401,98972,97180,97968,94729,135,42,101,97247,101613,100403,94265,93819,92831,92545,93432,90120,108,41,34,101,107,120,119,156,129,157,145,150,61,10,44,29,23,43,55,49,30,29,47,29,12,5,25,19,37,38,41,40,34,36,29,18,21,25,20,26,28,15,5,23,16,45,16,10,10,11
12:30:00,37,75,111,123,220,158,161,154,140,96,93,35,14,144,91701,94501,93905,95278,93230,95684,44884,47771,43021,76,21,139,99758,99247,98575,96438,96066,98094,95512,96935,93138,142,23,126,99222,100268,99958,93159,93688,90936,92052,91841,88601,108,21,21,87,118,158,135,160,152,123,161,122,83,21,34,32,64,55,43,61,45,62,30,25,33,31,15,48,11,30,47,40,30,22,16,29,15,14,3,6,12,15,16,10,49,9,12,25,19,25
12:40:00,37,68,163,115,182,211,123,185,155,105,81,17,11,116,90708,95124,93844,95558,92639,95725,45462,47050,43868,84,15,107,96343,97522,98862,96600,95520,96667,94193,96813,94137,160,22,154,96351,99381,100360,93363,93188,91954,90654,93017,87164,143,16,29,137,110,138,183,172,172,96,148,86,58,15,54,42,35,49,28,60,37,32,12,25,24,27,21,15,26,16,44,60,58,12,16,29,5,10,12,5,38,16,18,25,10,18,10,8,11,3
12:50:00,37,67,115,155,200,189,146,170,145,117,83,26,10,127,90266,93353,91988,94295,92944,94967,45288,48392,43891,59,15,168,98669,98243,98410,95094,96017,96795,96061,96749,93102,182,62,150,96984,99333,97880,93441,91436,90058,89093,91199,87298,84,37,42,127,111,171,129,138,131,96,107,73,59,21,16,34,23,29,67,28,51,53,13,40,39,8,18,11,20,23,10,38,17,32,22,47,18,16,12,18,35,28,18,26,43,24,14,18,5,29
13:00:00,37,51,150,170,187,193,209,132,127,141,87,36,11,131,89901,94194,92579,93708,90856,92825,46320,48789,44522,46,30,131,95714,96501,98215,94991,94781,95249,94091,95538,93999,167,29,150,95676,96709,98035,92044,90616,89539,88882,90906,88551,103,37,51,72,148,143,124,160,171,135,153,155,32,32,14,47,50,43,43,36,56,81,47,28,22,9,22,14,20,28,27,38,38,52,17,27,19,5,29,29,26,12,19,24,36,15,9,32,15,26
13:10:00,37,47,141,124,152,161,154,144,99,82,89,31,11,120,88802,92771,90258,93353,90205,91724,46739,49526,44997,95,22,155,95474,95929,95860,94451,93880,94378,92621,95356,91840,161,34,116,95865,96397,97719,90074,90916,90559,89688,91087,86118,98,12,37,128,126,187,130,98,140,151,119,118,32,16,47,28,38,60,42,64,35,42,44,21,33,25,14,25,21,43,44,31,16,14,22,23,7,10,11,20,16,27,15,28,35,23,25,11,2,18
13:20:00,37,52,128,155,224,186,168,150,106,91,142,37,21,112,88587,92208,90474,91463,89827,91166,46968,48772,44442,77,45,127,95916,96111,96163,94796,92620,93484,94659,94933,90342,132,22,157,94662,96307,97864,90184,90928,90062,87905,90306,86006,107,29,47,87,196,152,138,177,133,152,99,148,22,13,16,53,60,50,47,44,60,43,33,32,16,20,25,20,51,43,20,41,49,33,15,23,17,19,12,33,12,17,32,12,44,23,18,5,11,23
13:30:00,37,57,150,142,144,130,133,139,155,98,57,69,30,155,86662,90276,88855,91955,90486,90642,47431,48886,44945,51,22,106,95053,95428,94962,93020,94639,93367,92658,93820,90264,111,42,97,94276,95968,96895,90016,89046,88273,88612,89279,84777,88,26,51,99,119,124,147,138,151,174,179,117,26,24,16,50,49,38,28,36,41,40,44,41,42,23,8,18,29,37,34,17,37,36,35,31,17,19,26,17,7,24,44,34,18,18,18,29,17,6
13:40:00,37,37,156,186,173,169,161,129,153,106,76,57,18,118,87048,90694,89462,92313,88929,92063,47626,49287,46532,100,33,129,95298,95194,94455,92182,92360,92604,92847,93618,90107,99,42,97,93184,96791,94304,89929,89834,87662,87466,89012,83811,137,22,42,123,160,118,134,95,153,126,139,129,6,35,3,40,41,30,43,57,52,32,17,26,11,26,38,18,29,30,39,32,27,17,46,24,5,9,33,14,30,20,18,30,17,34,16,30,19,13
13:50:00,37,53,123,195,106,112,177,147,93,138,80,26,9,133,86870,90092,89276,90777,87804,89004,47412,50022,46379,86,47,107,92871,93037,95960,92340,91150,92709,91746,92540,89010,125,55,106,93317,94654,94799,89915,88598,87964,87122,88133,85074,117,37,22,82,153,186,138,159,134,129,163,129,14,36,26,28,43,48,45,53,39,57,18,45,9,18,19,9,35,30,14,43,39,10,28,18,4,1,34,21,10,35,31,34,17,28,10,25,7,6
14:00:00,37,53,230,147,202,197,187,159,113,96,62,44,32,165,86635,90201,87547,89004,88136,90067,47524,50394,47013,89,25,178,92889,93057,95035,90861,90759,90848,91103,93214,89768,128,17,135,91340,94048,94468,88613,87773,87538,86336,88521,84098,84,38,58,139,182,130,126,121,158,180,95,103,17,10,7,32,43,52,37,74,46,52,22,20,24,10,27,5,32,57,22,27,18,23,35,22,5,16,0,22,19,27,19,32,28,14,15,18,22,16
14:10:00,37,63,90,175,199,161,184,146,124,109,87,53,1,125,84458,88377,87504,89711,87378,88425,47387,50535,45317,81,17,159,91854,93249,93028,90802,91179,90700,90380,92239,89002,142,20,140,90550,93311,92626,88058,88302,85929,86332,87406,83500,146,41,41,101,143,123,149,164,159,177,101,89,45,19,30,66,49,38,72,44,34,36,28,31,32,13,30,28,27,23,23,26,12,17,18,16,19,19,9,31,39,13,32,44,29,18,25,16,6,23
14:20:00,37,60,150,160,194,132,108,132,157,102,98,23,9,141,85436,88324,86562,88966,87279,88283,47858,50423,46295,75,20,131,91822,92602,92674,89612,89579,90494,87704,92301,88410,105,42,126,91915,93702,93245,87760,87031,86202,85714,87401,82156,86,34,77,76,138,133,113,160,147,152,149,101,43,16,29,39,56,37,40,49,49,45,96,23,17,23,21,42,25,20,21,27,27,13,14,24,39,13,9,13,29,13,9,40,18,22,19,21,21,37
14:30:00,37,49,99,180,154,165,147,176,120,119,96,26,31,136,84184,86744,86233,89421,85821,88047,48575,49573,46080,118,32,113,90242,92226,91854,89384,88627,89793,88934,91208,87750,154,47,105,90910,92076,92397,87096,86717,85628,85414,86590,82872,169,25,49,94,113,183,129,156,159,133,134,111,48,23,7,30,51,33,67,68,48,15,24,28,11,11,10,23,28,21,16,23,22,20,13,25,15,18,19,16,14,19,22,11,19,20,8,13,10,14
14:40:00,37,51,140,165,156,124,174,197,162,69,78,23,8,122,82948,87200,86214,87626,85775,87794,48056,50378,46851,63,24,160,91200,92287,91351,88509,89330,89232,88025,91130,86705,129,23,147,89473,91175,91230,85704,86257,85212,84619,85727,82321,96,9,60,141,128,190,142,130,134,121,156,56,40,34,16,41,43,39,32,63,59,35,54,19,9,16,18,26,22,37,31,33,32,17,37,17,14,6,6,6,21,35,41,40,11,27,28,3,4,6
14:50:00,37,46,93,171,184,177,140,172,128,95,71,29,38,138,83236,86144,84221,87200,83960,87244,47444,49281,46559,90,41,155,90384,90044,91325,87806,87817,89222,87003,88086,85908,106,27,160,89293,91426,90479,85571,85614,84921,83641,85824,80929,97,23,56,124,138,126,188,147,136,148,130,137,26,26,35,46,15,28,41,75,25,38,32,36,23,26,17,20,41,34,61,44,15,16,7,16,16,8,9,13,27,33,14,28,37,19,10,24,9,2
15:00:00,37,43,119,158,141,182,162,169,122,134,63,39,30,90,82534,87155,84284,86360,84264,87464,48561,50396,47116,70,25,165,89727,90076,90397,87631,86399,88276,88311,89552,86668,103,15,105,88248,90798,90317,85279,84294,83825,82559,84489,81289,129,53,66,131,113,126,183,153,123,139,138,115,55,23,39,38,42,43,31,64,41,25,31,36,24,9,20,19,15,35,13,34,26,24,19,9,9,10,17,19,10,39,16,14,9,131,20,19,12,9
15:10:00,37,37,92,149,196,158,161,204,120,112,97,67,7,107,82625,84942,83613,86098,84677,85674,48117,49421,46351,58,11,127,88166,89679,89555,86353,87948,88218,87085,88027,85681,114,9,120,88068,89653,89421,85262,83274,83174,83462,84705,80990,102,47,16,100,142,129,100,138,126,171,126,78,45,17,6,32,43,31,38,54,34,60,45,43,8,23,32,25,30,32,33,26,29,19,25,32,5,19,23,18,8,20,31,17,19,15,8,16,4,13
15:20:00,37,50,107,141,157,177,126,175,142,114,144,49,2,124,82778,84892,84202,85304,83794,84672,47449,49648,46040,43,28,145,87100,88249,88754,86755,86256,85923,87957,88931,84764,160,27,105,87883,87674,89025,84711,83271,83573,83234,83709,78954,60,28,24,100,137,71,123,111,171,121,151,94,21,16,19,25,44,47,21,28,51,34,33,20,29,25,23,14,40,32,37,59,21,30,19,26,11,10,7,16,9,16,20,29,32,19,14,7,18,9
15:30:00,37,56,151,162,183,211,119,154,77,97,67,43,30,178,81332,84035,82797,83636,82353,84499,47486,50219,46290,57,25,121,87411,87602,88428,86196,84751,88385,86202,87863,84701,157,15,156,87505,89246,88343,83312,84075,81588,82265,83226,80854,131,53,32,88,159,114,158,155,155,153,110,91,41,7,33,21,23,24,46,41,56,39,35,40,31,17,9,27,22,33,21,18,22,27,30,25,10,11,10,0,6,24,14,20,15,18,29,21,7,9
15:40:00,37,46,129,194,130,149,187,129,116,82,65,24,42,126,81790,83233,82110,83878,81629,83236,46908,49358,46608,112,30,132,86575,88719,87565,85476,85449,84703,84777,85730,83554,130,37,142,86587,87782,87155,83117,82003,82092,81983,83528,79570,78,19,37,120,101,147,133,123,161,144,158,113,60,24,30,28,28,27,30,38,22,37,13,31,15,27,22,18,21,54,41,16,35,38,23,21,20,10,11,16,39,26,20,18,26,27,23,5,13,11
15:50:00,37,38,110,133,157,152,133,175,121,117,80,44,15,105,80597,83594,82976,83142,82173,83207,47039,50571,46619,77,6,165,87105,87729,86731,84672,84945,86168,86045,85558,83637,101,21,159,86124,87252,87010,82537,81583,81725,80653,82387,78099,99,14,26,116,110,110,156,157,173,116,122,103,47,15,16,44,42,37,66,70,65,40,54,45,12,27,17,13,10,23,15,23,21,36,27,22,13,7,24,47,17,6,19,17,21,5,15,14,13,18
16:00:00,37,41,105,99,159,204,138,145,111,87,89,53,19,84,79653,83668,82188,83109,80742,81530,47064,50235,46504,109,29,138,85524,87163,86216,83409,84248,85016,83924,85201,84003,123,8,118,85602,85874,86468,82687,81007,79897,80942,81581,79024,108,5,34,132,113,133,111,123,130,163,126,147,37,15,36,27,27,43,57,10,51,42,38,17,28,26,23,20,37,35,22,25,22,30,36,13,23,14,24,27,47,16,33,8,43,9,24,22,8,14
16:10:00,37,60,153,114,169,140,193,167,143,117,76,28,16,99,80006,82242,80844,82360,81177,82441,47480,49133,46007,79,37,126,86982,85453,86639,82959,83522,83957,83435,84688,82093,114,18,137,85178,85982,87162,81324,81201,80013,80059,81901,79206,89,33,38,95,130,127,206,163,128,95,110,119,31,10,15,39,56,38,27,34,71,31,12,42,20,5,11,10,35,13,23,26,29,13,14,19,30,3,43,30,21,22,32,15,18,5,8,11,14,1
16:20:00,37,50,124,110,161,182,151,214,126,113,93,33,4,120,78842,81421,80741,81233,80173,81758,46534,49118,46684,70,15,124,85394,84846,85534,82982,82710,82954,83090,84488,82037,135,12,147,83257,86083,85587,81300,80273,79732,80422,81111,76694,88,10,58,110,137,145,130,136,129,133,110,115,36,8,44,31,51,49,35,27,51,23,20,27,26,17,19,10,25,44,26,21,32,26,23,26,22,13,19,21,37,11,26,12,23,40,26,30,10,5
16:30:00,37,60,125,187,180,133,218,226,133,110,95,53,22,99,79282,81871,79679,80722,78582,81158,45956,49510,45258,91,48,110,84526,85572,86129,83081,83445,82797,82586,84550,81598,106,35,148,83593,84451,84340,80491,79974,79840,79949,80927,76438,137,27,33,86,176,93,146,129,147,171,160,99,42,9,30,31,57,27,30,59,38,37,32,52,66,21,22,21,59,38,18,68,24,39,17,24,17,23,9,22,15,19,21,17,30,11,1,19,11,22
16:40:00,37,67,140,153,151,117,153,143,77,88,82,30,24,101,78003,80169,79365,81526,79055,80036,45926,48523,45382,61,23,143,83795,83623,84709,83018,81123,82241,81848,84017,81005,133,22,149,83767,85541,84504,79854,79610,78420,79484,80492,76728,142,17,45,78,132,131,113,131,145,135,110,66,65,18,17,39,65,35,39,67,39,64,62,24,26,7,4,15,33,8,32,28,17,44,9,8,14,3,15,28,14,19,25,18,32,17,8,8,14,16
16:50:00,37,50,124,167,185,123,153,171,132,142,94,31,26,146,78243,80675,79303,80020,79527,78498,46141,48378,45689,60,27,108,84086,84597,84267,81494,80418,81815,81794,83149,80894,86,26,123,82580,84553,83662,79361,79557,79163,78816,80404,75859,91,22,46,129,144,125,156,121,94,102,120,83,25,15,25,38,27,21,48,36,23,50,38,32,34,14,21,16,26,20,39,26,28,21,21,24,14,18,1,11,12,31,25,21,25,27,22,16,13,10
17:00:00,37,35,121,138,163,175,192,127,104,80,70,61,12,114,77482,79785,79059,80821,77294,79327,45589,47285,44865,85,43,150,83624,84517,84501,81417,80158,82658,80103,82769,79455,125,30,75,82781,83213,83237,79200,79792,77921,77150,78437,76319,95,22,53,109,115,100,124,149,102,145,204,88,68,15,17,45,16,39,30,27,52,35,49,36,30,19,32,31,37,43,14,27,24,25,26,29,37,19,1,22,21,22,31,31,20,18,11,17,11,2
17:10:00,37,27,125,137,161,162,122,140,97,112,55,49,39,113,77268,79224,78048,79852,77890,79213,44968,48401,44998,68,44,109,81978,83144,83401,80389,79508,80615,79826,81783,79922,130,40,125,81834,83498,82947,78804,78537,78142,77570,79248,75221,106,22,35,96,93,128,134,112,116,127,128,80,48,21,24,36,56,25,41,33,18,28,35,30,12,7,10,18,36,24,23,33,31,24,34,7,4,23,30,28,12,28,18,13,23,5,9,24,7,24
17:20:00,37,33,145,120,125,214,134,188,145,125,114,53,29,118,77115,79584,78310,78996,77478,77776,45339,46858,44893,77,16,119,82889,83343,83821,81455,79923,81795,80186,81776,79441,123,20,120,81749,81625,82191,78714,77549,77519,77353,78912,75514,86,36,34,102,104,133,152,133,112,127,112,100,39,2,29,58,40,44,43,40,51,43,49,19,18,13,17,19,26,35,43,30,16,28,30,20,30,2,4,37,10,27,16,17,18,35,15,18,19,14
17:30:00,37,36,103,186,117,145,129,149,139,89,66,32,25,93,76335,79485,78237,78922,77483,78580,44936,47026,45162,67,49,101,82389,81340,81821,79943,79115,80527,79894,80818,79061,92,22,80,80801,81485,81664,77300,76415,76563,76779,76980,74798,101,47,46,87,138,105,129,143,110,128,98,101,45,3,21,39,25,41,44,33,43,68,38,54,21,23,16,44,15,22,42,35,19,16,34,16,30,21,18,20,15,13,22,18,14,31,19,11,8,17
17:40:00,37,41,119,146,121,139,173,190,115,100,71,69,22,116,75406,78575,77307,78016,75183,78656,45549,46838,43467,105,19,167,81986,82643,82324,79798,78907,79806,80056,80445,77561,92,37,134,80543,81335,81637,77643,76563,75537,75248,77922,74724,110,19,35,86,81,130,103,142,143,140,111,84,38,16,3,18,11,29,59,43,24,35,51,11,37,39,10,27,34,39,42,10,34,23,48,14,26,8,27,14,36,29,22,15,22,11,15,9,10,11
17:50:00,37,38,159,154,149,161,170,142,92,83,113,34,25,118,75985,77704,76577,75943,76559,77150,44824,46348,43521,67,21,150,79998,80819,81360,78595,78088,79420,78367,80726,78298,128,39,91,79898,80733,80242,77320,76857,77066,75261,77300,74060,109,26,37,107,110,117,97,133,143,136,133,107,59,26,25,24,37,35,41,38,40,35,22,40,18,11,18,14,30,14,38,28,21,20,5,27,21,12,35,19,17,27,26,34,10,32,9,38,11,19
18:00:00,37,46,114,119,152,122,153,178,94,106,85,31,31,69,75811,76815,76704,77402,75686,76943,45103,47312,43736,63,19,121,80258,80907,81523,80141,78237,78385,78841,80299,77520,92,22,86,79018,80338,80750,75689,75085,76890,75403,76399,73627,107,23,44,141,91,109,149,149,112,156,99,103,38,17,9,42,41,24,31,65,24,23,28,26,10,7,11,28,7,21,20,39,8,40,14,32,10,8,19,7,22,12,20,5,11,13,18,8,11,8
18:10:00,37,37,157,103,119,170,108,163,137,82,68,33,19,93,75409,77404,76967,77880,75417,76163,43863,45966,43317,52,15,120,79098,79734,79420,77444,78797,78853,78251,78810,76982,99,20,127,78000,79920,78761,76371,75361,75270,74821,76350,73526,101,28,33,90,142,139,100,184,116,134,111,99,36,18,36,33,41,25,51,38,42,49,30,37,4,12,0,17,15,25,42,40,25,35,14,23,18,17,9,22,24,25,37,12,17,20,20,16,12,12
18:20:00,37,63,131,148,188,126,168,141,92,105,91,51,34,83,73803,77202,76476,76028,73462,76530,43670,46131,42821,89,15,118,78344,79418,79661,77207,77268,77412,76321,78888,76932,115,18,98,78643,79531,78708,76027,76057,75370,74406,76260,73024,79,25,48,126,130,126,119,140,110,113,133,120,13,14,38,23,14,33,39,56,37,23,34,10,19,6,23,22,38,34,16,34,14,33,57,30,27,26,19,8,15,33,30,16,13,14,27,19,11,8
18:30:00,37,68,95,141,156,125,164,139,132,82,52,33,26,124,74798,77317,76254,76038,73806,76267,43706,46993,42522,85,22,111,79255,79816,79892,77250,76124,77683,77869,78822,75358,124,46,87,76775,78829,78535,75845,74350,73852,74661,75931,71972,125,19,45,118,115,114,145,137,156,135,105,99,41,29,39,36,30,46,32,68,23,21,52,30,17,23,10,33,9,24,38,20,31,29,22,21,19,10,17,31,21,23,30,27,7,22,9,9,13,17
18:40:00,37,32,141,139,171,231,137,135,92,102,65,25,26,143,73415,76926,75062,75895,74668,74211,43194,45435,41563,52,7,132,78720,77831,79454,77065,75692,76979,77381,77189,75358,127,22,113,78006,77756,78659,75192,75787,73698,74392,75214,71693,99,34,40,78,94,146,147,110,116,112,137,62,35,19,28,60,52,37,24,48,59,59,19,15,6,19,12,24,34,30,52,48,48,26,23,7,20,1,8,21,9,26,10,11,18,7,11,21,3,7
18:50:00,37,67,106,160,138,172,179,120,152,92,106,32,16,113,73423,76343,75151,74970,73610,75083,42869,45135,42319,77,26,114,78434,78373,78189,77009,76056,77273,76639,76735,75361,92,23,111,76708,78424,77202,73695,74357,73561,73619,75385,72249,93,26,42,75,146,90,112,108,90,123,107,105,40,12,17,28,19,16,36,26,16,18,43,23,39,19,15,34,49,25,41,33,11,45,25,21,26,8,9,20,36,13,22,14,14,14,26,41,9,2
19:00:00,37,34,87,104,165,163,159,116,63,72,80,39,20,106,73047,76292,73355,74586,72977,73244,42399,44765,40559,61,18,100,77735,77369,78627,76286,75706,76417,75793,76695,75052,123,28,123,76485,78085,77017,74980,74014,73026,72778,73707,70261,93,48,6,89,99,138,115,113,111,107,129,94,19,11,16,40,42,51,47,20,41,29,26,22,23,9,13,37,11,27,9,20,18,34,7,18,9,21,15,10,21,15,12,20,16,10,18,14,1,11
19:10:00,36.9,34,109,152,159,135,158,162,115,93,98,39,16,95,73595,74224,74230,74231,71905,72919,43159,44979,41828,79,14,120,76675,77520,78121,75307,75545,76053,76020,76687,74691,78,26,91,74613,76231,75757,73286,74354,72130,73354,73779,69800,95,40,39,78,107,128,161,122,151,154,131,82,53,18,14,42,54,54,37,33,52,34,17,20,16,13,20,37,25,23,29,25,28,9,10,16,25,12,35,29,14,7,39,23,13,8,24,19,3,13
19:20:00,37,57,100,129,114,89,163,196,114,83,92,78,8,124,72917,74375,73675,73510,71710,72132,41553,44759,40871,124,22,123,75508,77284,77689,75729,75167,74944,75155,75518,74790,121,44,114,75159,76405,75467,73009,72413,72474,73112,74495,70176,106,25,38,86,142,88,134,123,96,128,84,107,42,23,21,34,27,20,26,48,33,32,37,31,25,4,8,9,37,15,33,31,60,19,26,10,11,11,11,12,32,36,24,18,7,32,19,23,9,4
19:30:00,37,59,104,143,104,142,125,173,120,104,91,44,31,113,72762,74995,73104,74498,70884,72111,41625,44629,40669,76,16,83,76172,75724,77088,75345,73912,74546,74391,76190,73199,95,36,76,74497,75905,75807,73557,71913,71849,73551,73469,69818,71,10,46,126,127,107,91,113,154,96,131,70,48,14,34,30,35,23,30,18,33,40,53,17,12,14,27,27,21,52,39,45,20,28,41,23,25,20,13,2,15,30,13,22,35,16,17,29,15,22
19:40:00,37,39,112,211,148,126,194,98,119,65,87,57,23,115,71695,74335,73450,72356,70923,72503,41413,43135,40120,39,16,119,75593,75261,76191,75110,73951,74608,73893,76170,74343,117,23,99,74761,74980,74983,72395,72001,70854,71459,73383,69574,87,45,16,128,115,122,111,120,122,119,130,82,58,31,32,22,36,28,40,47,33,25,37,15,23,20,13,36,26,21,13,45,31,45,39,43,7,7,27,20,42,41,48,11,37,31,15,9,5,4
19:50:00,37,41,95,132,160,111,108,143,84,81,49,52,9,94,72732,73934,72927,72066,70800,71429,41697,43300,40423,65,31,98,75237,74971,76183,73931,72923,74592,74068,74323,73527,101,13,116,73904,75379,74839,72614,72047,72214,71755,72454,68636,110,13,26,81,82,106,113,143,141,135,118,95,37,10,48,33,20,32,27,38,47,31,36,21,12,48,13,46,10,50,22,16,18,26,19,27,12,15,22,10,7,11,14,19,19,33,10,14,21,22
20:00:00,37,35,120,126,104,139,114,129,126,92,81,19,25,120,71781,73087,73329,72007,71082,72220,40291,42772,39236,46,35,64,75007,74777,76478,73994,73661,75855,73422,74089,72219,134,29,94,72982,75340,74448,72079,72036,71163,69922,71999,68503,76,35,31,82,110,163,148,128,136,131,158,118,37,12,31,22,19,48,20,33,45,29,33,35,17,7,18,21,14,18,24,32,28,28,26,12,12,15,10,8,13,16,17,14,16,21,29,38,19,10
20:10:00,37,36,111,109,154,170,121,139,129,112,109,21,21,103,70375,73173,72276,72049,69404,71257,39816,42790,39626,67,19,132,74628,75136,75046,72894,72198,74677,74276,74571,72836,79,21,128,72008,74088,74111,72246,71669,70929,70952,72675,68115,116,26,37,102,170,140,130,160,83,111,95,105,24,9,27,17,9,39,17,25,67,42,23,7,19,18,16,31,12,25,21,45,21,27,37,19,18,5,20,3,29,27,27,23,9,17,4,17,11,30
20:20:00,37,54,85,190,164,165,156,127,105,111,86,48,30,63,69941,73443,71459,70605,70139,70437,40197,42827,38374,57,25,102,73709,73988,74535,72669,73037,73155,72527,73067,72068,102,46,63,73478,73456,73847,72089,70766,69910,69150,71723,68305,43,25,25,90,120,154,148,86,102,95,136,56,54,13,33,22,47,28,39,42,29,33,37,34,15,10,25,18,7,22,16,40,22,29,11,23,11,19,6,22,24,65,8,26,13,17,19,15,17,13
20:30:00,37,45,79,123,116,118,143,86,118,72,78,43,12,114,70510,72940,72721,71036,69309,70136,40672,42320,38148,71,22,126,73004,74430,73404,73203,71576,73234,72347,72458,71143,110,31,85,71484,74315,73096,71043,70581,69664,70603,72061,68972,86,9,56,90,118,101,144,154,121,108,83,95,47,1,18,32,12,31,23,46,51,22,43,14,21,18,12,22,26,29,33,30,21,16,4,23,12,19,11,7,16,7,25,32,22,25,5,28,8,1
20:40:00,37,59,120,138,116,146,161,146,117,92,98,40,19,119,70017,73396,71110,70917,68078,70541,39690,42147,38481,59,23,107,73113,73103,74318,72844,71546,71741,71341,72076,70284,89,32,87,70767,71778,72592,70411,69745,70470,68986,70567,67834,45,29,39,103,111,82,133,132,111,116,80,109,21,9,21,13,32,24,33,24,34,35,48,22,30,33,12,18,42,30,13,30,34,18,13,8,9,18,11,21,17,20,44,1,35,17,23,16,11,12
20:50:00,37,41,94,124,144,198,155,97,90,63,105,35,10,99,69227,72731,71410,69833,68127,70374,38766,42069,38019,83,42,132,72242,71927,73867,72258,71718,72042,73175,72377,71408,88,28,69,70950,71713,72255,69881,69057,69688,69251,69273,66319,90,22,22,92,76,94,100,92,118,130,139,97,62,28,19,21,13,47,34,24,47,25,43,39,9,5,21,26,17,14,7,12,23,21,24,15,14,19,7,17,14,37,9,10,45,22,28,19,34,15
21:00:00,37,48,126,140,158,193,113,132,129,138,74,45,29,74,69580,71665,71155,69853,68445,69090,38731,41659,37706,65,10,92,72107,72722,74336,71914,71624,72313,70876,71100,69508,86,16,134,70968,71044,72634,70339,69494,68720,67403,69911,67137,79,22,35,72,121,154,122,105,129,115,116,120,36,21,22,30,43,20,28,52,18,42,22,55,13,19,26,27,35,11,25,27,38,28,43,26,0,11,15,19,19,10,17,10,18,4,7,11,20,27
21:10:00,37,46,102,128,112,159,178,117,94,86,107,46,11,112,70270,71588,71327,68283,67080,69069,39154,41421,37849,75,19,79,72241,73391,73157,72357,69647,71316,71204,71239,69896,121,13,109,69007,71552,71696,68959,68497,69460,68313,69304,67476,76,37,51,107,95,110,119,129,122,98,111,90,23,15,22,34,25,15,31,32,36,44,5,25,27,9,18,25,27,30,29,18,19,45,15,20,13,25,23,0,34,16,23,10,19,36,13,13,6,5
21:20:00,37,48,124,143,145,109,154,138,132,64,100,41,31,104,68792,71602,69181,69456,67329,68604,39215,40550,37165,77,44,135,71242,71742,73442,71214,69906,71658,71125,70217,69419,87,8,138,69519,70170,71440,68373,69378,68949,69129,69633,65379,65,33,25,68,119,108,131,134,108,96,115,79,20,21,11,38,44,23,15,34,45,22,37,22,25,11,30,23,28,7,31,40,36,25,23,18,14,19,14,8,11,19,23,13,22,19,12,9,22,18
21:30:00,37,35,106,107,175,130,155,118,125,88,95,12,15,110,69896,72117,70212,69409,67228,68735,38443,40168,36980,74,31,126,71109,71513,72382,71097,69721,71017,70605,71415,68693,105,19,76,70084,70645,70077,67217,68556,68186,67873,68667,66497,85,4,43,68,78,60,133,123,124,103,107,115,37,11,13,36,20,38,42,31,38,23,24,37,21,7,12,21,12,16,17,23,36,14,20,17,4,13,13,16,8,19,24,17,8,13,28,19,6,2
21:40:00,37,24,104,128,194,114,81,175,94,103,64,54,22,106,67767,71081,70658,68198,66223,68061,38431,39594,37282,60,30,103,71005,71295,72402,70045,69538,70778,70623,71119,69902,84,23,95,69172,70412,70427,68477,68268,67453,67405,68117,66272,103,32,28,77,72,149,89,112,113,134,58,108,20,12,26,10,25,37,23,49,45,21,30,26,38,22,33,30,37,24,26,33,33,20,26,43,19,19,7,5,22,17,14,22,11,20,19,11,9,6
21:50:00,37,40,99,134,141,78,96,95,129,119,67,24,13,57,68841,71537,70558,68714,65666,67366,36951,40215,36297,74,23,105,71466,70803,70949,70314,70229,71031,69407,70201,68301,106,21,63,68925,70227,69576,68582,67419,67339,66844,68231,66097,109,17,46,70,90,112,92,144,133,127,110,60,39,17,26,34,27,34,30,33,53,26,18,26,11,7,7,26,7,19,29,22,27,31,30,7,13,14,24,15,19,10,9,23,16,16,37,12,10,18
22:00:00,37,20,153,122,148,140,166,159,107,59,53,46,35,93,68381,70526,69545,67014,66567,67670,37106,39144,35778,61,24,93,69537,69840,70695,70261,70291,69602,69158,70591,69116,107,29,139,67933,68821,68711,68125,66687,66677,67059,67676,65688,66,22,18,97,129,73,135,140,151,119,134,70,35,13,9,20,16,23,23,36,45,33,23,46,18,9,12,12,13,36,17,20,29,21,18,11,9,7,16,15,26,25,18,36,18,19,13,18,10,22
22:10:00,36.9,32,133,75,122,178,161,132,86,67,45,45,17,102,68115,69943,69661,67069,66545,66194,37927,39297,36542,77,22,95,68766,70583,70623,70632,68785,69284,68129,69868,67172,99,17,98,68686,68282,67607,67242,66723,67607,66404,67261,64969,64,20,23,68,123,136,106,140,162,135,96,70,35,7,30,21,24,25,38,67,47,18,36,45,29,10,3,58,26,16,12,31,26,16,16,25,10,14,11,14,21,39,26,15,4,9,19,18,1,13
22:20:00,37,34,102,176,105,144,184,120,100,97,86,52,13,136,67560,69711,69000,66107,65064,66945,37137,39263,35795,76,16,83,68763,69642,70829,68465,68902,68769,68665,68981,67590,180,24,113,67781,68734,68492,67180,66001,66669,65695,68060,65298,69,21,32,80,77,99,110,80,144,119,71,91,23,23,29,17,59,38,34,43,26,9,29,37,16,21,16,5,13,11,25,20,23,24,33,27,10,17,31,25,13,25,27,22,6,12,13,17,12,18
22:30:00,37,16,79,113,95,120,139,131,91,100,63,33,24,137,67444,69821,69435,67127,65265,66355,36481,38519,35003,79,18,132,68068,70513,70033,68915,67784,68981,68264,69521,67424,90,19,83,68188,68174,69252,67710,65644,65776,65386,67003,64425,89,21,44,84,90,86,159,139,87,102,135,127,26,13,21,6,42,19,36,49,36,53,32,16,14,13,22,45,27,11,17,14,31,16,16,14,24,17,6,16,19,11,13,14,21,25,21,18,10,1
22:40:00,37,36,109,142,174,114,137,106,99,77,80,70,21,131,67233,69813,68451,66258,64451,65097,37047,37947,35224,83,16,124,68136,69485,68930,69816,69131,68800,67487,67861,66126,82,12,98,67323,67376,68712,67214,66535,65630,65321,66660,64605,71,17,28,102,91,76,116,105,102,109,119,93,38,24,24,14,23,26,45,47,32,31,51,31,3,6,9,25,31,27,25,12,30,15,11,23,17,22,7,29,21,20,26,26,39,8,19,10,29,27
22:50:00,37,32,95,104,140,141,140,119,93,59,67,38,29,106,66584,69163,67404,66426,65379,65622,35508,37713,35370,51,13,114,67949,68751,69971,69269,67917,68128,68474,67526,66206,117,34,99,65706,67664,66919,65789,65542,65030,66393,66569,63948,83,10,37,101,80,108,106,124,115,101,110,68,41,20,24,12,34,66,40,25,43,46,29,15,21,19,3,22,25,12,32,21,30,16,31,20,10,26,11,16,17,66,19,13,10,19,2,22,8,17
23:00:00,37,41,126,132,172,108,142,77,104,95,68,30,11,88,65857,69179,68017,66655,63674,65131,35085,37101,34587,75,19,96,67653,68355,68755,66798,67119,68353,67116,67757,65764,95,20,110,66565,67045,68209,65607,64315,65093,65286,66017,64126,68,15,22,134,71,155,107,133,130,110,119,85,45,6,25,20,48,19,32,35,40,42,15,11,6,24,4,10,24,75,25,47,54,19,20,17,5,4,10,32,9,5,22,21,9,16,21,16,6,16
23:10:00,37,14,139,110,146,128,148,118,121,87,51,25,13,102,66143,68681,66787,66435,64110,65239,35208,37735,34525,54,26,133,67593,68237,67530,66678,68229,68499,67209,67491,66113,105,37,106,66350,65670,66512,64721,65262,66158,64604,65860,62599,99,38,32,79,97,119,97,70,131,97,106,76,20,33,22,30,39,23,58,34,40,28,16,15,5,31,7,19,28,30,14,26,32,32,16,9,11,7,24,5,27,23,28,6,17,11,6,0,18,2
23:20:00,37,48,93,190,134,184,186,135,144,64,50,33,17,109,65772,68333,67651,64396,63489,64234,34864,37246,33918,76,13,114,67285,68529,68217,66476,67964,68251,66819,67412,65588,113,35,77,65551,66131,66255,65317,65248,64231,64733,66003,62289,95,13,25,112,87,78,107,102,111,113,98,51,30,17,23,55,40,25,40,31,44,32,30,22,23,19,14,26,28,34,25,50,24,22,11,19,24,19,11,17,24,18,20,32,24,17,28,6,21,11
23:30:00,36.9,16,109,116,101,102,158,124,111,127,43,42,15,123,67050,68841,67119,65131,62144,64119,34904,36397,33048,73,20,123,66651,67559,67128,67698,66434,67267,66152,67179,64329,99,15,75,65148,66485,65415,64709,65208,64511,63821,64886,61935,70,16,27,70,81,122,112,131,145,116,101,86,25,38,20,51,30,26,31,28,52,31,27,21,12,13,11,12,8,29,27,6,22,13,15,25,9,19,31,9,5,18,11,14,19,12,14,18,9,10
23:40:00,37,21,95,197,116,115,120,116,135,90,51,10,5,139,65347,67956,67173,64688,63465,64446,34971,36508,32613,57,8,121,66728,68288,67582,66559,66497,65905,64997,67239,64544,101,32,63,65091,65720,66604,64527,63850,64629,64414,64779,61808,64,38,23,49,79,105,121,98,149,129,137,53,13,27,24,26,18,42,39,45,52,50,23,31,10,35,17,30,20,19,40,30,26,6,32,16,7,15,8,15,16,10,11,9,45,41,10,5,13,18
23:50:00,37,27,93,167,107,123,162,114,78,56,61,21,9,89,65454,67237,66374,64029,62512,62843,34379,36471,32740,64,28,95,66285,66770,67525,66607,66320,66134,65837,65962,64824,124,27,124,64782,65902,65284,63706,64823,64821,63891,64576,62518,101,31,19,70,92,100,148,75,104,103,67,89,32,1,12,18,42,39,39,22,37,30,40,20,19,18,13,28,9,27,22,14,35,23,12,5,29,10,14,19,27,37,17,17,10,19,11,12,11,5
24:00:00,37,25,86,120,119,143,112,65,88,86,63,34,31,131,65383,67616,67760,63898,61579,62941,33900,36314,32202,69,25,122,65923,66696,67253,65703,65382,66339,65768,65801,64639,122,10,114,64526,65122,65554,64172,63860,62385,63754,64595,61566,88,38,40,66,100,135,106,83,110,120,70,93,62,13,13,25,29,19,27,32,39,57,38,19,12,13,27,10,15,22,6,55,35,4,37,18,18,7,27,13,14,19,33,11,14,12,20,11,8,17